Date,Symbol,Series,Prev Close,Open,High,Low,Last,Close,VWAP,Volume,Turnover,Trades,Deliverable Volume,%Deliverble
2016-07-12,QUESS,EQ,317.0,500.0,509.3,480.0,502.0,503.1,496.81,16364151,812988503690000.0,206046,4167383,0.2547
2016-07-13,QUESS,EQ,503.1,503.0,507.45,462.0,468.75,467.7,485.41,2440691,118474140484999.98,41331,613412,0.25129999999999997
2016-07-14,QUESS,EQ,467.7,468.6,492.5,452.5,486.0,487.7,473.26,2381010,112684465359999.98,44430,440942,0.1852
2016-07-15,QUESS,EQ,487.7,487.0,497.9,475.15,489.1,491.45,488.21,1276616,62325399010000.0,32266,249722,0.1956
2016-07-18,QUESS,EQ,491.45,492.0,512.0,487.0,501.25,501.95,502.56,1506745,75722455870000.0,31201,275712,0.18300000000000002
2016-07-19,QUESS,EQ,501.95,502.35,507.35,490.0,493.6,495.05,498.15,669521,33352293630000.0,14526,140900,0.2104
2016-07-20,QUESS,EQ,495.05,495.05,507.7,490.9,493.5,496.3,499.78,756119,37789590200000.0,15310,219633,0.29050000000000004
2016-07-21,QUESS,EQ,496.3,496.9,499.45,486.4,487.55,487.9,492.73,331922,16354903690000.0,8845,150943,0.4548
2016-07-22,QUESS,EQ,487.9,490.0,492.8,481.0,483.0,482.8,486.24,329187,16006350140000.0,6299,181388,0.551
2016-07-25,QUESS,EQ,482.8,485.85,495.05,475.1,483.95,481.95,485.87,296699,14415756385000.0,7704,118880,0.4007
2016-07-26,QUESS,EQ,481.95,485.85,496.9,482.8,491.0,489.9,490.75,356432,17491781860000.0,8308,153621,0.43100000000000005
2016-07-27,QUESS,EQ,489.9,494.7,531.9,491.1,528.0,523.75,515.95,1565742,80785023685000.0,33225,415605,0.26539999999999997
2016-07-28,QUESS,EQ,523.75,527.0,541.9,521.1,522.0,524.8,532.66,780663,41582651385000.0,17410,242323,0.3104
2016-07-29,QUESS,EQ,524.8,526.8,530.5,508.05,509.05,510.2,519.02,298546,15495232219999.998,6784,116542,0.3904
2016-08-01,QUESS,EQ,510.2,517.45,604.85,516.0,598.0,592.9,566.82,3669457,207992412615000.0,81282,798235,0.2175
2016-08-02,QUESS,EQ,592.9,598.0,618.8,580.15,602.0,602.5,605.01,1883855,113975892005000.0,50854,337143,0.179
2016-08-03,QUESS,EQ,602.5,602.0,602.8,576.2,586.0,588.3,589.51,678231,39982611825000.0,17963,149018,0.2197
2016-08-04,QUESS,EQ,588.3,595.0,651.0,587.5,621.0,622.15,630.76,2289006,144381803040000.0,57516,373188,0.163
2016-08-05,QUESS,EQ,622.15,626.0,632.0,613.25,622.8,621.3,622.37,476195,29637103055000.0,13492,60605,0.1273
2016-08-08,QUESS,EQ,621.3,625.75,625.75,556.25,561.0,559.05,577.27,1581862,91315541625000.0,57824,802234,0.5071
2016-08-09,QUESS,EQ,559.05,561.5,571.5,530.05,536.0,535.6,543.51,1375277,74747415325000.0,46264,468136,0.3404
2016-08-10,QUESS,EQ,535.6,539.7,556.0,536.25,551.0,550.3,549.02,1002765,55053807345000.01,26061,333453,0.3325
2016-08-11,QUESS,EQ,550.3,552.0,555.45,531.0,532.5,532.35,539.45,363157,19590657435000.0,7348,155605,0.42850000000000005
2016-08-12,QUESS,EQ,532.35,535.9,542.8,527.05,529.0,529.8,534.41,254952,13624850660000.0,5647,97822,0.3837
2016-08-16,QUESS,EQ,529.8,530.1,534.45,505.6,521.4,519.35,516.81,413017,21344925480000.0,12489,176791,0.428
2016-08-17,QUESS,EQ,519.35,518.9,530.0,518.0,524.0,525.65,524.99,165209,8673280665000.001,4491,60769,0.3678
2016-08-18,QUESS,EQ,525.65,528.0,557.35,521.0,544.0,543.8,545.47,489208,26684669465000.0,12692,157457,0.32189999999999996
2016-08-19,QUESS,EQ,543.8,544.9,561.0,536.35,541.65,542.5,548.74,305984,16790580875000.0,8618,100804,0.32939999999999997
2016-08-22,QUESS,EQ,542.5,546.4,573.7,543.9,571.0,569.45,560.74,608750,34135315825000.0,17367,221641,0.3641
2016-08-23,QUESS,EQ,569.45,573.8,573.8,550.1,555.5,553.5,559.77,169895,9510178660000.0,4889,58041,0.34159999999999996
2016-08-24,QUESS,EQ,553.5,552.2,563.8,545.5,548.0,549.85,554.69,162799,9030235910000.0,5220,51396,0.31570000000000004
2016-08-25,QUESS,EQ,549.85,550.25,563.5,540.55,542.9,541.8,551.77,176349,9730424215000.0,5276,72270,0.4098
2016-08-26,QUESS,EQ,541.8,542.0,555.0,537.0,542.8,541.7,543.55,158455,8612763909999.999,4327,65983,0.4164
2016-08-29,QUESS,EQ,541.7,544.4,546.45,528.45,532.6,531.6,534.49,131200,7012513634999.999,3248,70263,0.5355
2016-08-30,QUESS,EQ,531.6,532.1,557.4,532.1,548.0,548.8,550.32,306524,16868606819999.998,11981,141826,0.46270000000000006
2016-08-31,QUESS,EQ,548.8,543.1,559.0,543.1,552.65,550.8,552.62,187513,10362382940000.0,4387,99735,0.5319
2016-09-01,QUESS,EQ,550.8,553.05,555.7,540.6,543.2,545.25,547.86,88041,4823454275000.0,2686,37075,0.42110000000000003
2016-09-02,QUESS,EQ,545.25,548.75,549.9,535.0,535.0,536.55,540.33,86255,4660586480000.0,2512,43119,0.4999
2016-09-06,QUESS,EQ,536.55,542.8,555.45,537.5,552.0,552.4,549.3,202703,11134540590000.0,5590,116541,0.5749000000000001
2016-09-07,QUESS,EQ,552.4,550.0,553.25,540.05,543.0,542.55,545.43,70291,3833873475000.0,2426,38123,0.5424
2016-09-08,QUESS,EQ,542.55,542.4,548.0,535.5,545.0,543.8,542.06,96553,5233731160000.0,4095,57689,0.5975
2016-09-09,QUESS,EQ,543.8,544.8,551.75,535.5,537.4,540.15,540.96,90962,4920702785000.0,3572,47005,0.5168
2016-09-12,QUESS,EQ,540.15,534.6,534.7,516.5,521.0,520.0,524.36,102587,5379297005000.0,3946,57767,0.5631
2016-09-14,QUESS,EQ,520.0,517.15,534.9,517.15,529.3,531.45,528.22,93389,4933002555000.0,3852,52310,0.5601
2016-09-15,QUESS,EQ,531.45,525.0,563.9,525.0,550.9,548.85,550.45,335891,18488995075000.0,9299,127658,0.3801
2016-09-16,QUESS,EQ,548.85,552.0,556.0,544.05,549.65,548.5,550.44,213728,11764347470000.0,6707,108537,0.5078
2016-09-19,QUESS,EQ,548.5,549.0,550.0,535.85,544.0,544.4,543.41,140395,7629168334999.999,7963,76424,0.5443
2016-09-20,QUESS,EQ,544.4,545.25,546.0,533.55,534.5,536.0,538.78,63363,3413853620000.0005,2966,32440,0.512
2016-09-21,QUESS,EQ,536.0,539.0,550.0,536.0,541.0,544.65,541.85,158475,8587025159999.999,4349,104236,0.6577
2016-09-22,QUESS,EQ,544.65,545.6,550.95,542.5,550.0,546.5,547.38,271641,14869187035000.0,21077,162555,0.5984
2016-09-23,QUESS,EQ,546.5,549.9,567.95,546.5,567.8,563.6,558.71,517305,28902135880000.0,12966,271060,0.524
2016-09-26,QUESS,EQ,563.6,565.0,569.3,545.0,548.15,549.6,554.42,149408,8283542240000.001,4908,84960,0.5686
2016-09-27,QUESS,EQ,549.6,548.65,566.2,543.0,565.0,555.15,551.91,160599,8863690395000.0,4767,120707,0.7515999999999999
2016-09-28,QUESS,EQ,555.15,565.15,568.45,545.35,547.7,548.3,554.65,217857,12083354175000.0,7666,135998,0.6243
2016-09-29,QUESS,EQ,548.3,550.0,575.5,510.0,564.9,556.8,547.22,413911,22649898745000.0,8809,317528,0.7671
2016-09-30,QUESS,EQ,556.8,552.2,574.7,541.4,558.0,559.1,555.53,187528,10417789905000.0,6585,112422,0.5995
2016-10-03,QUESS,EQ,559.1,561.0,592.4,561.0,582.0,583.0,581.14,443267,25760189125000.0,25615,225796,0.5094
2016-10-04,QUESS,EQ,583.0,584.35,600.0,578.2,590.0,593.35,593.55,255994,15194464260000.0,8565,113107,0.4418
2016-10-05,QUESS,EQ,593.35,589.7,618.95,589.7,608.0,607.15,606.71,546197,33138348030000.0,19223,246436,0.4512
2016-10-06,QUESS,EQ,607.15,609.0,624.5,607.6,615.0,616.25,616.08,256471,15800621065000.0,7177,126046,0.4915
2016-10-07,QUESS,EQ,616.25,618.1,635.9,610.55,630.0,629.45,625.1,208119,13009498730000.0,7269,73805,0.3546
2016-10-10,QUESS,EQ,629.45,630.2,634.95,608.05,615.1,616.85,616.8,166054,10242178470000.0,3309,115697,0.6967
2016-10-13,QUESS,EQ,616.85,614.8,614.8,566.65,591.0,592.95,587.13,180593,10603093805000.0,4119,92778,0.5136999999999999
2016-10-14,QUESS,EQ,592.95,597.0,599.9,584.0,587.2,591.1,591.82,54380,3218320700000.0,1780,24720,0.4546
2016-10-17,QUESS,EQ,591.1,591.95,611.8,583.1,598.2,601.4,593.75,230508,13686489955000.002,4089,139814,0.6065
2016-10-18,QUESS,EQ,601.4,607.0,610.0,596.2,604.0,605.6,605.34,129136,7817104209999.999,4914,54397,0.42119999999999996
2016-10-19,QUESS,EQ,605.6,610.0,612.0,585.2,590.0,594.75,604.55,177726,10744448790000.0,5348,100141,0.5635
2016-10-20,QUESS,EQ,594.75,616.0,672.0,607.0,630.0,630.55,645.07,1924287,124130469915000.02,49571,341774,0.1776
2016-10-21,QUESS,EQ,630.55,633.0,638.85,617.0,623.0,626.05,628.27,239438,15043213525000.0,8648,55741,0.2328
2016-10-24,QUESS,EQ,626.05,627.0,628.8,600.25,601.5,604.6,610.22,165594,10104852755000.0,4780,97538,0.589
2016-10-25,QUESS,EQ,604.6,609.0,611.0,591.8,593.0,593.8,600.24,109588,6577864055000.0,3488,55454,0.506
2016-10-26,QUESS,EQ,593.8,590.0,609.0,582.25,583.0,587.0,597.48,169607,10133760665000.0,5916,72932,0.43
2016-10-27,QUESS,EQ,587.0,590.0,594.25,573.15,589.0,587.1,584.13,102020,5959320775000.0,3812,41904,0.4107
2016-10-28,QUESS,EQ,587.1,589.9,610.0,585.0,595.5,597.15,600.8,158987,9551965565000.0,6198,67174,0.4225
2016-10-30,QUESS,EQ,597.15,599.0,606.7,592.1,600.0,598.8,599.97,46588,2795123880000.0,1224,22774,0.4888
2016-11-01,QUESS,EQ,598.8,600.2,613.0,594.0,611.5,610.35,607.81,157664,9583004820000.0,6033,86104,0.5461
2016-11-02,QUESS,EQ,610.35,596.2,602.7,592.0,595.05,594.25,595.53,71389,4251429340000.0,4851,41198,0.5771000000000001
2016-11-03,QUESS,EQ,594.25,594.15,599.55,580.1,588.4,585.15,588.8,55056,3241684455000.0,3205,32668,0.5934
2016-11-04,QUESS,EQ,585.15,584.5,585.35,551.2,551.6,555.7,563.37,74529,4198727120000.0005,3795,42835,0.5747
2016-11-07,QUESS,EQ,555.7,561.0,576.55,561.0,568.0,567.2,569.6,55604,3167189490000.0,2567,33945,0.6104999999999999
2016-11-08,QUESS,EQ,567.2,570.0,580.0,566.2,573.95,571.65,574.44,67046,3851380065000.0,2594,40355,0.6019
2016-11-09,QUESS,EQ,571.65,550.0,579.0,515.0,579.0,570.25,550.78,244989,13493574505000.002,4666,189632,0.774
2016-11-10,QUESS,EQ,570.25,579.0,598.0,579.0,590.0,591.15,589.87,61632,3635507710000.0,2708,37065,0.6014
2016-11-11,QUESS,EQ,591.15,581.1,594.9,566.45,582.0,582.8,579.43,52003,3013188730000.0,2253,32403,0.6231
2016-11-15,QUESS,EQ,582.8,585.0,603.3,557.35,587.35,594.2,585.81,164000,9607348450000.0,5513,108837,0.6636
2016-11-16,QUESS,EQ,594.2,590.0,601.0,584.05,591.0,590.7,594.07,108151,6424888215000.0,3317,63239,0.5847
2016-11-17,QUESS,EQ,590.7,585.05,599.95,585.05,599.75,596.4,594.7,62642,3725348975000.0,2006,51288,0.8187000000000001
2016-11-18,QUESS,EQ,596.4,592.85,599.8,587.0,595.0,592.9,592.68,87986,5214715845000.0,2982,66812,0.7593000000000001
2016-11-21,QUESS,EQ,592.9,593.6,598.0,551.5,577.6,578.05,574.01,288388,16553802494999.998,9190,244227,0.8469
2016-11-22,QUESS,EQ,578.05,586.0,601.9,575.75,593.0,596.5,591.9,58861,3483989400000.0,2904,39118,0.6646
2016-11-23,QUESS,EQ,596.5,600.1,608.0,585.1,602.5,602.15,598.13,104329,6240217310000.0,2830,69426,0.6655
2016-11-24,QUESS,EQ,602.15,600.0,626.8,595.05,614.95,616.1,611.46,98985,6052495980000.0,3137,59501,0.6011
2016-11-25,QUESS,EQ,616.1,621.8,621.9,600.5,611.0,609.8,614.97,33900,2084764795000.0,1765,16407,0.484
2016-11-28,QUESS,EQ,609.8,618.95,624.0,612.0,612.0,614.8,618.67,43278,2677497220000.0,1866,23358,0.5397
2016-11-29,QUESS,EQ,614.8,620.7,704.0,617.0,680.3,677.95,666.33,1214939,80955227330000.0,46188,393785,0.3241
2016-11-30,QUESS,EQ,677.95,684.0,702.2,655.1,657.25,660.3,672.34,460193,30940789445000.0,12324,178134,0.3871
2016-12-01,QUESS,EQ,660.3,661.15,661.15,627.95,638.8,643.85,640.12,267195,17103727880000.002,8588,109776,0.4108
2016-12-02,QUESS,EQ,643.85,632.1,649.9,618.1,621.0,623.15,635.53,114216,7258798140000.001,5268,35207,0.30820000000000003
2016-12-05,QUESS,EQ,623.15,620.0,645.9,619.9,643.0,640.9,638.31,133131,8497940184999.999,4439,92179,0.6924
2016-12-06,QUESS,EQ,640.9,646.0,649.9,630.0,636.45,634.25,639.23,93581,5982019050000.0,5415,44395,0.4744
2016-12-07,QUESS,EQ,634.25,638.15,644.9,632.0,640.1,640.8,639.07,68717,4391505175000.0,4594,35347,0.5144
2016-12-08,QUESS,EQ,640.8,644.0,658.0,642.35,655.0,652.55,649.82,79871,5190210050000.0,2918,37888,0.4744
2016-12-09,QUESS,EQ,652.55,655.2,668.0,651.6,652.2,657.0,658.24,77592,5107445165000.0,3572,29577,0.3812
2016-12-12,QUESS,EQ,657.0,654.3,680.7,652.05,660.0,658.2,657.55,351418,23107461560000.0,5452,261724,0.7448
2016-12-13,QUESS,EQ,658.2,658.0,665.2,650.25,653.5,653.75,656.67,31293,2054927139999.9998,1678,14052,0.449
2016-12-14,QUESS,EQ,653.75,656.4,672.0,651.0,663.0,663.65,661.18,72589,4799468725000.0,3164,37413,0.5154
2016-12-15,QUESS,EQ,663.65,655.0,672.5,653.95,671.0,669.7,666.73,81203,5414065010000.0,4196,50364,0.6202000000000001
2016-12-16,QUESS,EQ,669.7,669.9,676.45,667.05,669.65,671.6,671.48,51217,3439118610000.0,2134,27475,0.5364
2016-12-19,QUESS,EQ,671.6,659.95,699.75,659.95,665.6,669.7,682.85,145336,9924214655000.0,6041,43220,0.2974
2016-12-20,QUESS,EQ,669.7,669.0,678.75,655.0,658.0,661.45,663.78,48149,3196018715000.0,2433,26774,0.5561
2016-12-21,QUESS,EQ,661.45,663.0,667.5,641.0,645.0,646.25,655.3,49046,3213962785000.0,2225,26081,0.5318
2016-12-22,QUESS,EQ,646.25,654.0,656.4,630.15,633.0,633.7,640.52,54545,3493693800000.0,3134,12972,0.2378
2016-12-23,QUESS,EQ,633.7,634.0,638.45,622.05,629.05,630.9,629.94,32852,2069478114999.9998,2111,10388,0.31620000000000004
2016-12-26,QUESS,EQ,630.9,628.8,628.9,608.55,619.55,616.9,616.49,28438,1753163089999.9998,1640,14704,0.5171
2016-12-27,QUESS,EQ,616.9,610.0,645.05,609.9,643.95,640.0,631.2,38990,2461064670000.0,1880,14960,0.3837
2016-12-28,QUESS,EQ,640.0,639.15,655.9,639.15,640.0,642.0,645.96,34876,2252842340000.0,1774,15668,0.44920000000000004
2016-12-29,QUESS,EQ,642.0,635.1,653.0,635.1,652.95,648.7,644.22,46422,2990599890000.0,1048,32092,0.6912999999999999
2016-12-30,QUESS,EQ,648.7,651.7,665.0,646.1,656.55,657.05,658.82,76703,5053333755000.0,2375,12472,0.16260000000000002
2017-01-02,QUESS,EQ,657.05,650.1,659.9,641.6,655.0,656.5,650.67,32552,2118068105000.0,2195,11201,0.34409999999999996
2017-01-03,QUESS,EQ,656.5,658.7,670.0,649.0,665.0,664.05,659.2,32097,2115848460000.0002,1553,15469,0.4819
2017-01-04,QUESS,EQ,664.05,663.0,683.1,663.0,666.0,669.4,673.53,51466,3466403040000.0,2257,17310,0.33630000000000004
2017-01-05,QUESS,EQ,669.4,667.15,673.45,657.0,665.35,669.35,667.37,31415,2096557970000.0,1789,13351,0.425
2017-01-06,QUESS,EQ,669.35,666.0,674.6,665.8,668.1,668.2,669.4,20793,1391882285000.0,1499,8338,0.401
2017-01-09,QUESS,EQ,668.2,673.0,673.0,660.0,661.0,666.85,667.77,25660,1713508335000.0002,2028,17451,0.6801
2017-01-10,QUESS,EQ,666.85,666.0,671.05,648.05,653.75,653.5,661.91,49391,3269245660000.0,2068,29454,0.5963
2017-01-11,QUESS,EQ,653.5,659.0,682.7,650.0,675.9,675.75,671.67,77071,5176653045000.0,3105,49366,0.6405
2017-01-12,QUESS,EQ,675.75,671.0,694.4,667.6,677.0,678.3,681.31,293999,20030488605000.0,3807,238815,0.8123
2017-01-13,QUESS,EQ,678.3,684.0,684.75,672.45,676.0,677.55,676.44,19533,1321282530000.0,763,11139,0.5703
2017-01-16,QUESS,EQ,677.55,680.0,681.8,662.0,662.1,664.55,668.74,20564,1375195675000.0,1088,10550,0.513
2017-01-17,QUESS,EQ,664.55,664.95,678.9,664.85,668.0,667.6,670.46,18966,1271596505000.0,1225,8937,0.4712
2017-01-18,QUESS,EQ,667.6,676.95,684.25,669.75,673.0,675.1,675.1,1634744,110361939505000.0,1835,56820,0.0348
2017-01-19,QUESS,EQ,675.1,680.0,680.0,663.55,666.0,667.7,670.82,40691,2729652830000.0,2131,20127,0.49460000000000004
2017-01-20,QUESS,EQ,667.7,664.0,677.7,662.35,662.6,669.25,671.84,37290,2505281695000.0,1392,20997,0.5631
2017-01-23,QUESS,EQ,669.25,666.35,680.0,656.15,680.0,670.6,666.7,50415,3361170585000.0,2542,23703,0.47020000000000006
2017-01-24,QUESS,EQ,670.6,690.1,710.0,661.0,704.0,684.4,681.09,182161,12406848965000.0,4757,122188,0.6708
2017-01-25,QUESS,EQ,684.4,700.0,744.0,690.15,734.1,730.95,719.7,308026,22168680765000.0,11539,97350,0.316
2017-01-27,QUESS,EQ,730.95,731.0,732.8,705.0,706.0,711.3,718.28,91039,6539132420000.0,2754,41204,0.4526
2017-01-30,QUESS,EQ,711.3,705.0,715.85,665.8,690.0,684.6,691.78,65077,4501909615000.0,3376,31380,0.4822
2017-01-31,QUESS,EQ,684.6,690.0,690.0,673.05,678.0,677.7,679.65,33945,2307077505000.0,2175,19686,0.5799000000000001
2017-02-01,QUESS,EQ,677.7,678.7,697.85,675.0,676.0,677.5,681.27,54880,3738811495000.0005,3196,35030,0.6383
2017-02-02,QUESS,EQ,677.5,674.1,688.0,666.7,676.0,676.45,676.27,41680,2818681730000.0,2344,20731,0.4974
2017-02-03,QUESS,EQ,676.45,688.0,688.0,667.0,668.1,673.1,675.27,46066,3110680790000.0,1582,24500,0.5318
2017-02-06,QUESS,EQ,673.1,676.15,682.75,671.0,676.0,677.55,676.8,92661,6271273730000.0,2675,58789,0.6345000000000001
2017-02-07,QUESS,EQ,677.55,678.3,686.0,674.05,679.0,683.0,680.58,62684,4266175160000.0,1536,49689,0.7927
2017-02-08,QUESS,EQ,683.0,687.95,687.95,675.05,678.25,679.65,681.32,160246,10917827800000.0,1488,150162,0.9370999999999999
2017-02-09,QUESS,EQ,679.65,683.7,683.7,672.4,677.55,675.65,675.98,21381,1445317235000.0,933,14374,0.6723
2017-02-10,QUESS,EQ,675.65,676.2,678.4,654.05,654.15,657.55,662.02,38653,2558903800000.0,1142,27512,0.7118000000000001
2017-02-13,QUESS,EQ,657.55,662.0,662.0,641.25,650.0,649.5,650.34,32057,2084807520000.0,898,22523,0.7026000000000001
2017-02-14,QUESS,EQ,649.5,649.5,664.05,649.5,658.3,659.7,659.35,20967,1382461645000.0,2132,13684,0.6526000000000001
2017-02-15,QUESS,EQ,659.7,657.95,660.35,640.1,646.0,652.35,650.71,27237,1772350110000.0002,1408,15917,0.5844
2017-02-16,QUESS,EQ,652.35,652.9,659.9,646.0,646.5,648.05,654.79,28362,1857106345000.0,1356,15140,0.5338
2017-02-17,QUESS,EQ,648.05,654.05,656.9,640.85,654.0,654.95,654.18,66665,4361067510000.0,1920,54595,0.8189000000000001
2017-02-20,QUESS,EQ,654.95,649.3,656.85,646.15,647.15,648.8,652.22,21678,1413874330000.0,860,17762,0.8194
2017-02-21,QUESS,EQ,648.8,651.65,660.0,648.35,655.45,655.3,656.26,98326,6452752030000.0,5013,69550,0.7073
2017-02-22,QUESS,EQ,655.3,657.8,659.0,646.0,654.0,654.4,653.98,26327,1721741630000.0,2011,16246,0.6171
2017-02-23,QUESS,EQ,654.4,658.95,659.0,644.0,644.6,645.2,651.66,42726,2784295670000.0,3341,30034,0.7029000000000001
2017-02-27,QUESS,EQ,645.2,649.0,657.55,642.1,647.85,649.55,650.59,39106,2544213370000.0,2020,22566,0.5770000000000001
2017-02-28,QUESS,EQ,649.55,651.0,656.0,647.1,650.2,652.9,652.26,43921,2864789790000.0,2858,25649,0.584
2017-03-01,QUESS,EQ,652.9,646.0,657.8,646.0,650.0,651.05,652.93,25527,1666733955000.0,1492,16909,0.6624
2017-03-02,QUESS,EQ,651.05,650.05,652.15,634.0,637.0,636.95,644.64,31229,2013146245000.0,1374,19969,0.6394
2017-03-03,QUESS,EQ,636.95,640.15,640.15,630.0,636.6,638.5,637.39,27865,1776083945000.0,1722,17762,0.6374000000000001
2017-03-06,QUESS,EQ,638.5,638.1,641.0,632.45,639.85,638.95,638.65,26463,1690057535000.0002,896,18367,0.6940999999999999
2017-03-07,QUESS,EQ,638.95,639.9,659.0,632.5,640.45,640.7,643.95,99955,6436554465000.0,3049,67672,0.677
2017-03-08,QUESS,EQ,640.7,641.0,648.75,632.6,634.8,638.55,639.73,54648,3495977460000.0,1668,42269,0.7735
2017-03-09,QUESS,EQ,638.55,633.35,640.9,632.0,635.1,639.0,639.41,87905,5620740320000.0,3508,71744,0.8162
2017-03-10,QUESS,EQ,639.0,639.0,680.0,633.1,675.0,665.5,661.56,138841,9185171170000.0,3657,90517,0.6519
2017-03-14,QUESS,EQ,665.5,690.0,694.0,675.0,676.55,679.4,679.8,124933,8492944850000.0,6032,82154,0.6576000000000001
2017-03-15,QUESS,EQ,679.4,688.0,690.0,674.1,678.0,680.05,685.14,154345,10574866820000.0,5056,87120,0.5644
2017-03-16,QUESS,EQ,680.05,695.0,695.0,686.0,686.75,689.15,690.03,88548,6110050915000.0,3446,62576,0.7067
2017-03-17,QUESS,EQ,689.15,694.0,694.0,675.15,681.5,684.1,685.4,46021,3154286535000.0,2005,29214,0.6348
2017-03-20,QUESS,EQ,684.1,686.0,691.85,682.0,683.0,685.75,686.77,45203,3104423260000.0,1655,32442,0.7177
2017-03-21,QUESS,EQ,685.75,682.75,695.1,680.0,689.9,692.3,689.31,64023,4413158755000.0,1433,50446,0.7879
2017-03-22,QUESS,EQ,692.3,699.3,700.0,677.8,687.0,688.55,688.52,64918,4469710830000.0,3736,37822,0.5826
2017-03-23,QUESS,EQ,688.55,691.9,700.0,684.9,685.0,689.2,690.77,60844,4202947754999.9995,1928,44278,0.7277
2017-03-24,QUESS,EQ,689.2,689.2,700.0,687.9,692.85,691.25,694.16,51540,3577700520000.0005,1972,31630,0.6137
2017-03-27,QUESS,EQ,691.25,690.25,694.9,685.0,687.0,690.75,690.16,30491,2104375585000.0002,2355,20755,0.6807
2017-03-28,QUESS,EQ,690.75,687.7,721.0,685.05,686.95,688.5,695.58,52914,3680600254999.9995,2275,32282,0.6101
2017-03-29,QUESS,EQ,688.5,688.5,693.55,683.35,683.4,688.7,689.38,33890,2336296645000.0,2618,25164,0.7425
2017-03-30,QUESS,EQ,688.7,688.7,696.0,685.0,685.0,689.7,690.55,33310,2300236195000.0,1281,26164,0.7855
2017-03-31,QUESS,EQ,689.7,694.95,698.0,682.7,685.0,690.4,689.15,65228,4495167495000.0,2208,42797,0.6561
2017-04-03,QUESS,EQ,690.4,683.0,714.0,683.0,703.05,706.75,705.11,83195,5866160930000.0,9267,52852,0.6353
2017-04-05,QUESS,EQ,706.75,710.0,724.8,706.75,719.7,719.95,717.85,84996,6101408640000.0,6799,55137,0.6487
2017-04-06,QUESS,EQ,719.95,723.9,734.0,711.05,730.25,729.7,723.89,49382,3574710535000.0,3378,32656,0.6613
2017-04-07,QUESS,EQ,729.7,721.5,731.5,719.95,720.0,723.05,724.73,43925,3183378265000.0,3309,30373,0.6915000000000001
2017-04-10,QUESS,EQ,723.05,723.55,733.0,707.1,718.0,722.9,722.42,52529,3794789990000.0,3071,35545,0.6767000000000001
2017-04-11,QUESS,EQ,722.9,710.1,777.0,710.1,770.0,741.7,734.73,182222,13388462955000.0,3900,140875,0.7731
2017-04-12,QUESS,EQ,741.7,760.25,775.0,743.3,760.0,762.75,759.73,135521,10295893890000.0,8574,93969,0.6934
2017-04-13,QUESS,EQ,762.75,765.0,766.9,744.0,744.15,751.15,753.31,36446,2745515310000.0,2479,23825,0.6537000000000001
2017-04-17,QUESS,EQ,751.15,750.0,774.0,733.0,752.65,759.05,747.82,104273,7797757215000.001,2868,73430,0.7042
2017-04-18,QUESS,EQ,759.05,755.5,782.0,741.0,745.0,749.15,765.57,59223,4533940920000.0,3904,30226,0.5104
2017-04-19,QUESS,EQ,749.15,750.0,757.7,742.0,742.5,745.75,748.3,23054,1725123505000.0,1724,14173,0.6148
2017-04-20,QUESS,EQ,745.75,748.85,774.0,737.3,763.8,761.1,752.35,123238,9271804125000.0,2154,91094,0.7392000000000001
2017-04-21,QUESS,EQ,761.1,758.0,785.0,749.35,779.0,782.6,778.33,168855,13142426460000.0,3311,65452,0.3876
2017-04-24,QUESS,EQ,782.6,782.0,785.05,769.55,774.0,779.25,779.17,44445,3463039704999.9995,1530,25437,0.5723
2017-04-25,QUESS,EQ,779.25,781.15,799.9,781.15,799.0,797.75,793.66,134309,10659547865000.0,4044,93580,0.6968000000000001
2017-04-26,QUESS,EQ,797.75,800.0,814.0,776.55,785.1,793.65,798.28,88248,7044646490000.001,3211,47999,0.5439
2017-04-27,QUESS,EQ,793.65,785.2,799.0,770.0,784.35,791.75,785.39,39940,3136849600000.0,3094,20502,0.5133
2017-04-28,QUESS,EQ,791.75,779.0,795.0,779.0,790.1,794.45,789.93,50245,3969004970000.0005,1380,35673,0.71
2017-05-02,QUESS,EQ,794.45,790.5,801.0,769.6,782.55,789.2,790.23,60931,4814948275000.0,2208,38717,0.6354
2017-05-03,QUESS,EQ,789.2,794.4,797.0,778.6,781.45,791.15,789.81,23510,1856850280000.0,1419,13614,0.5791
2017-05-04,QUESS,EQ,791.15,784.95,823.0,782.65,796.1,803.95,804.48,48471,3899410120000.0005,1904,21375,0.441
2017-05-05,QUESS,EQ,803.95,796.65,819.9,795.0,808.85,816.45,810.57,47799,3874434420000.0005,1952,29427,0.6156
2017-05-08,QUESS,EQ,816.45,808.1,829.9,803.5,825.0,825.85,818.88,38653,3165230160000.0,1768,19579,0.5065
2017-05-09,QUESS,EQ,825.85,825.0,853.9,817.2,849.0,847.65,842.08,48065,4047440154999.9995,3280,25119,0.5226
2017-05-10,QUESS,EQ,847.65,840.05,889.0,840.05,879.0,879.0,873.55,100001,8735548945000.0,7831,52790,0.5279
2017-05-11,QUESS,EQ,879.0,880.35,898.0,851.2,852.0,857.85,870.28,83762,7289645130000.0,4511,37968,0.4533
2017-05-12,QUESS,EQ,857.85,862.85,864.1,828.0,829.0,833.6,839.82,46058,3868043500000.0,2960,24540,0.5328
2017-05-15,QUESS,EQ,833.6,835.0,850.65,821.9,843.3,841.65,834.67,38530,3215967110000.0,1190,25741,0.6681
2017-05-16,QUESS,EQ,841.65,849.0,859.0,821.55,842.0,849.65,839.69,54941,4613360825000.0,2581,26526,0.4828
2017-05-17,QUESS,EQ,849.65,840.0,851.5,810.1,816.0,824.0,826.62,95056,7857476430000.0,5763,45295,0.4765
2017-05-18,QUESS,EQ,824.0,818.0,834.95,810.1,823.0,832.25,825.69,46222,3816491810000.0,2259,21742,0.4704
2017-05-19,QUESS,EQ,832.25,839.9,840.0,815.4,828.1,835.65,829.77,42994,3567496215000.0,1793,20010,0.4654
2017-05-22,QUESS,EQ,835.65,836.2,840.0,812.15,813.0,820.15,823.05,47037,3871397404999.9995,2083,26474,0.5628000000000001
2017-05-23,QUESS,EQ,820.15,815.0,816.7,774.8,775.0,784.55,787.23,58184,4580422265000.0,2971,30004,0.5157
2017-05-24,QUESS,EQ,784.55,780.0,834.0,771.0,825.0,820.05,810.18,100120,8111473550000.0,3403,71784,0.7170000000000001
2017-05-25,QUESS,EQ,820.05,830.0,845.0,807.0,838.0,840.9,830.52,33691,2798096240000.0,1911,19871,0.5898
2017-05-26,QUESS,EQ,840.9,842.0,859.0,838.0,840.0,848.65,850.33,55474,4717127670000.0,3105,35676,0.6431
2017-05-29,QUESS,EQ,848.65,849.7,853.5,830.0,830.0,841.2,844.46,27021,2281809075000.0,1138,19861,0.735
2017-05-30,QUESS,EQ,841.2,840.9,870.0,830.65,859.0,864.45,851.98,51909,4422548940000.0,2440,31998,0.6164000000000001
2017-05-31,QUESS,EQ,864.45,863.0,899.9,853.3,888.1,894.45,883.71,49480,4372609945000.0005,2337,30344,0.6133
2017-06-01,QUESS,EQ,894.45,909.45,933.9,891.0,901.3,913.85,914.37,78644,7190934620000.0,4838,40100,0.5099
2017-06-02,QUESS,EQ,913.85,914.9,934.7,905.0,923.0,928.3,924.84,51461,4759303600000.0,3662,22090,0.4293
2017-06-05,QUESS,EQ,928.3,922.1,930.0,906.55,911.9,915.1,920.22,41966,3861810175000.0,2954,27451,0.6541
2017-06-06,QUESS,EQ,915.1,915.1,915.1,894.5,895.5,902.4,903.17,27228,2459150800000.0,1161,21431,0.7870999999999999
2017-06-07,QUESS,EQ,902.4,896.8,903.95,892.75,894.0,899.35,898.76,24854,2233790460000.0,2046,15707,0.632
2017-06-08,QUESS,EQ,899.35,904.7,919.9,890.0,895.1,905.45,905.38,36757,3327898730000.0,4986,17595,0.47869999999999996
2017-06-09,QUESS,EQ,905.45,895.25,909.35,887.0,887.0,895.6,901.1,53879,4855057235000.0,1286,40471,0.7511
2017-06-12,QUESS,EQ,895.6,893.95,901.2,876.55,892.0,894.85,889.16,41370,3678447704999.9995,1446,25454,0.6153000000000001
2017-06-13,QUESS,EQ,894.85,892.0,904.95,882.3,883.0,890.4,895.78,28295,2534609065000.0,2500,14088,0.4979
2017-06-14,QUESS,EQ,890.4,895.0,895.0,881.1,887.0,885.0,889.3,27478,2443615055000.0,948,20616,0.7503000000000001
2017-06-15,QUESS,EQ,885.0,881.0,899.0,881.0,888.0,896.65,891.83,28044,2501058665000.0,1018,19197,0.6845
2017-06-16,QUESS,EQ,896.65,900.0,915.0,890.1,899.0,907.2,907.7,47510,4312474765000.0,2510,28689,0.6039
2017-06-19,QUESS,EQ,907.2,912.8,919.95,882.6,887.0,893.8,903.11,35887,3240989705000.0,1904,23908,0.6662
2017-06-20,QUESS,EQ,893.8,890.65,914.7,845.55,888.0,900.6,885.93,52403,4642562995000.0,2359,24749,0.4723
2017-06-21,QUESS,EQ,900.6,889.0,908.95,883.0,893.0,897.15,898.5,31087,2793160735000.0,2013,17624,0.5669
2017-06-22,QUESS,EQ,897.15,899.95,909.9,882.0,886.1,889.35,894.61,35349,3162345645000.0,1748,16254,0.4598
2017-06-23,QUESS,EQ,889.35,901.0,920.0,885.2,891.0,895.85,900.21,67864,6109212415000.0,2833,31994,0.47140000000000004
2017-06-27,QUESS,EQ,895.85,891.0,920.0,878.25,891.0,898.85,899.66,48442,4358128960000.0,2385,24395,0.5036
2017-06-28,QUESS,EQ,898.85,899.9,909.0,888.0,893.0,896.25,899.77,33539,3017744055000.0,1307,19079,0.5689000000000001
2017-06-29,QUESS,EQ,896.25,906.0,915.0,900.0,901.2,908.2,908.64,41962,3812846879999.9995,1656,24767,0.5902000000000001
2017-06-30,QUESS,EQ,908.2,901.25,942.4,896.0,919.05,927.6,925.43,97983,9067641410000.0,4343,45044,0.4597
2017-07-03,QUESS,EQ,927.6,927.6,944.8,910.45,927.0,934.65,931.7,48163,4487330520000.0,1814,28703,0.596
2017-07-04,QUESS,EQ,934.65,934.65,954.95,926.1,940.0,944.35,946.57,53463,5060658525000.0,1966,31049,0.5808
2017-07-05,QUESS,EQ,944.35,945.0,945.0,915.0,915.25,917.4,923.25,30370,2803904355000.0,2006,18697,0.6156
2017-07-06,QUESS,EQ,917.4,927.0,927.0,878.0,883.0,884.65,898.29,40555,3643029245000.0005,2523,25326,0.6245
2017-07-07,QUESS,EQ,884.65,887.65,896.95,862.9,886.0,892.45,883.96,41313,3651884879999.9995,2062,25514,0.6176
2017-07-10,QUESS,EQ,892.45,899.9,904.75,868.0,896.0,899.9,894.18,7079,632988255000.0,523,4581,0.6470999999999999
2017-07-11,QUESS,EQ,899.9,905.0,914.0,877.0,904.0,908.1,906.22,35526,3219429920000.0,2562,21850,0.615
2017-07-12,QUESS,EQ,908.1,903.45,924.5,896.5,915.0,918.75,908.47,51574,4685338325000.0,2138,39647,0.7687
2017-07-13,QUESS,EQ,918.75,920.0,941.0,915.1,923.9,924.75,927.31,36436,3378754210000.0,1987,17114,0.4697
2017-07-14,QUESS,EQ,924.75,925.0,948.85,897.3,941.0,940.85,932.74,53441,4984656870000.0,2445,27170,0.5084000000000001
2017-07-17,QUESS,EQ,940.85,942.0,964.0,929.0,943.9,955.2,949.63,43490,4129937354999.9995,1622,24956,0.5738000000000001
2017-07-18,QUESS,EQ,955.2,954.9,970.0,930.0,930.0,935.9,950.18,65125,6188044165000.0,3987,33270,0.5109
2017-07-19,QUESS,EQ,935.9,941.8,947.0,916.25,920.0,922.65,928.03,35540,3298231745000.0,2110,25686,0.7227
2017-07-20,QUESS,EQ,922.65,915.0,931.0,907.35,916.7,922.6,921.62,38168,3517639035000.0,1932,25198,0.6602
2017-07-21,QUESS,EQ,922.6,920.7,929.8,910.0,910.1,918.05,922.79,50239,4636017220000.0,2815,21341,0.42479999999999996
2017-07-24,QUESS,EQ,918.05,925.9,939.9,888.0,894.9,893.8,906.91,53869,4885411675000.0,3633,30119,0.5590999999999999
2017-07-25,QUESS,EQ,893.8,894.9,915.0,890.05,891.1,897.15,902.15,59917,5405389885000.0,4831,37583,0.6273
2017-07-26,QUESS,EQ,897.15,888.0,898.9,863.0,865.9,874.25,881.11,43765,3856166125000.0,3388,32500,0.7426
2017-07-27,QUESS,EQ,874.25,872.0,894.5,861.0,882.0,886.5,877.38,35667,3129354855000.0,1990,24013,0.6733
2017-07-28,QUESS,EQ,886.5,889.9,904.0,870.0,888.2,896.75,889.04,33596,2986802085000.0,1958,20185,0.6008
2017-07-31,QUESS,EQ,896.75,885.15,904.0,883.25,892.35,896.6,898.23,47094,4230102040000.0,2193,35619,0.7563
2017-08-01,QUESS,EQ,896.6,896.6,902.0,885.0,885.15,891.9,895.67,27350,2449658225000.0,1574,17514,0.6404000000000001
2017-08-02,QUESS,EQ,891.9,899.85,900.0,880.0,897.95,898.5,895.17,30545,2734306140000.0,1605,18539,0.6069
2017-08-03,QUESS,EQ,898.5,897.95,900.0,887.25,898.9,896.55,896.57,19934,1787230495000.0,1014,10895,0.5466
2017-08-04,QUESS,EQ,896.55,893.0,900.0,883.25,899.85,897.95,894.9,22564,2019249660000.0002,1003,11379,0.5043
2017-08-07,QUESS,EQ,897.95,900.0,900.0,890.05,898.0,896.65,898.16,30806,2766863265000.0,807,22519,0.731
2017-08-08,QUESS,EQ,896.65,896.0,900.0,890.4,895.15,897.8,898.05,18189,1633470965000.0,1082,9998,0.5497
2017-08-09,QUESS,EQ,897.8,899.9,920.0,891.0,894.2,894.55,901.95,82658,7455365840000.001,3632,46907,0.5675
2017-08-10,QUESS,EQ,894.55,905.5,909.0,886.0,887.05,891.6,895.94,35577,3187493710000.0,2278,19329,0.5433
2017-08-11,QUESS,EQ,891.6,888.95,891.9,860.0,864.9,866.0,874.78,42559,3722957660000.0,1928,23638,0.5554
2017-08-14,QUESS,EQ,866.0,866.6,909.85,866.0,892.0,899.0,886.75,48076,4263122529999.9995,2532,22609,0.4703
2017-08-16,QUESS,EQ,899.0,893.0,908.0,882.5,886.05,894.85,895.3,31737,2841424485000.0,2611,16979,0.535
2017-08-17,QUESS,EQ,894.85,892.15,909.95,888.05,898.0,897.75,898.53,22443,2016560180000.0,1581,12461,0.5552
2017-08-18,QUESS,EQ,897.75,895.0,908.4,887.5,892.0,893.95,899.29,24354,2190129139999.9998,1006,15462,0.6349
2017-08-21,QUESS,EQ,893.95,891.1,901.75,870.0,875.35,877.2,882.96,64378,5684290155000.0,3533,36685,0.5698
2017-08-22,QUESS,EQ,877.2,871.15,882.7,864.0,869.0,869.7,870.06,242841,21128554220000.0,1123,228299,0.9401
2017-08-23,QUESS,EQ,869.7,850.0,868.8,801.15,810.0,810.25,817.02,391627,31996678930000.0,12623,286538,0.7317
2017-08-24,QUESS,EQ,810.25,817.8,829.0,798.0,821.15,827.35,814.14,288497,23487613640000.0,5532,238633,0.8272
2017-08-28,QUESS,EQ,827.35,830.1,833.7,808.0,817.9,823.65,821.38,51694,4246046379999.9995,2476,32232,0.6235
2017-08-29,QUESS,EQ,823.65,815.0,841.0,815.0,832.0,839.75,835.83,120905,10105652935000.0,2905,98255,0.8127
2017-08-30,QUESS,EQ,839.75,839.0,846.0,834.2,842.0,844.95,842.58,99917,8418788055000.0,2153,75726,0.7579000000000001
2017-08-31,QUESS,EQ,844.95,848.7,849.0,827.05,847.5,847.45,842.91,45693,3851500590000.0,1994,25281,0.5533
2017-09-01,QUESS,EQ,847.45,847.9,848.35,836.0,845.0,843.5,846.28,74596,6312897845000.0,2150,50853,0.6817000000000001
2017-09-04,QUESS,EQ,843.5,843.5,848.0,837.0,846.85,845.5,842.64,67038,5648899105000.0,3636,51723,0.7715000000000001
2017-09-05,QUESS,EQ,845.5,844.95,845.0,817.25,827.7,836.3,835.04,50437,4211671054999.9995,5356,32995,0.6542
2017-09-06,QUESS,EQ,836.3,829.5,835.6,816.5,825.3,829.55,826.08,54418,4495341690000.0,2485,36908,0.6781999999999999
2017-09-07,QUESS,EQ,829.55,829.0,834.0,825.0,830.0,831.15,830.61,26900,2234347770000.0,3249,16557,0.6154999999999999
2017-09-08,QUESS,EQ,831.15,826.05,837.85,813.5,825.0,831.1,825.62,63720,5260853725000.0,3656,38165,0.5989
2017-09-11,QUESS,EQ,831.1,835.0,835.0,804.8,810.6,810.0,814.02,92739,7549128525000.0,2759,80516,0.8682
2017-09-12,QUESS,EQ,810.0,818.0,834.7,812.25,827.1,833.45,826.59,439928,36364143340000.0,3729,374704,0.8517
2017-09-13,QUESS,EQ,833.45,834.5,847.0,820.1,837.35,842.35,838.08,113046,9474212870000.0,4163,81191,0.7182
2017-09-14,QUESS,EQ,842.35,842.0,849.9,829.0,837.0,840.95,836.62,96489,8072493745000.0,2411,70590,0.7316
2017-09-15,QUESS,EQ,840.95,843.35,845.05,832.05,836.8,836.5,838.8,43733,3668322520000.0005,2703,27388,0.6263000000000001
2017-09-18,QUESS,EQ,836.5,838.0,848.95,830.0,840.0,839.5,841.06,46154,3881811710000.0,2794,29164,0.6319
2017-09-19,QUESS,EQ,839.5,836.0,845.0,833.15,843.1,844.4,842.35,22962,1934199439999.9998,1112,16563,0.7212999999999999
2017-09-20,QUESS,EQ,844.4,838.05,850.0,838.05,850.0,849.55,847.74,35100,2975555500000.0,1200,26922,0.767
2017-09-21,QUESS,EQ,849.55,849.0,852.85,833.55,850.0,849.95,849.65,217114,18447168425000.0,1695,196165,0.9035
2017-09-22,QUESS,EQ,849.95,849.45,849.45,805.55,813.0,822.2,828.89,47132,3906732145000.0005,2995,27010,0.5731
2017-09-25,QUESS,EQ,822.2,820.05,840.0,791.15,835.0,834.3,820.41,39691,3256283130000.0,2084,25963,0.6541
2017-09-26,QUESS,EQ,834.3,833.4,833.4,816.05,824.0,826.75,825.5,32066,2647034385000.0,2353,18410,0.5740999999999999
2017-09-27,QUESS,EQ,826.75,833.0,833.0,804.05,807.85,813.2,815.85,42382,3457720525000.0,3348,25098,0.5922
2017-09-28,QUESS,EQ,813.2,811.15,830.0,802.0,818.3,825.8,820.91,39132,3212397775000.0,2512,22191,0.5671
2017-09-29,QUESS,EQ,825.8,829.9,839.0,823.55,837.0,835.9,833.95,44489,3710146979999.9995,3059,26996,0.6068
2017-10-03,QUESS,EQ,835.9,835.9,840.0,822.25,822.25,827.75,833.37,35726,2977301460000.0,2725,28017,0.7842
2017-10-04,QUESS,EQ,827.75,831.8,838.8,824.4,833.9,831.95,832.23,20275,1687343905000.0,515,17047,0.8408
2017-10-05,QUESS,EQ,831.95,823.0,834.65,822.25,833.45,828.1,830.12,21988,1825264070000.0,1613,17064,0.7761
2017-10-06,QUESS,EQ,828.1,832.8,835.0,825.0,830.05,833.5,833.13,27491,2290344895000.0,1255,20674,0.752
2017-10-09,QUESS,EQ,833.5,835.95,838.8,821.55,828.15,827.85,831.92,19847,1651121115000.0,1184,15411,0.7765000000000001
2017-10-10,QUESS,EQ,827.85,824.0,834.8,824.0,829.95,831.9,831.78,15545,1293003700000.0,709,11294,0.7265
2017-10-11,QUESS,EQ,831.9,824.0,831.95,821.0,821.0,822.55,827.8,14102,1167369320000.0,653,9578,0.6792
2017-10-12,QUESS,EQ,822.55,825.0,831.9,821.0,829.0,830.0,826.08,19653,1623504185000.0,1000,11777,0.5992000000000001
2017-10-13,QUESS,EQ,830.0,837.95,837.95,825.4,827.2,830.85,830.74,16277,1352200465000.0,432,13334,0.8192
2017-10-16,QUESS,EQ,830.85,830.9,848.15,805.05,834.5,835.3,821.77,35566,2922722085000.0,2176,17542,0.4932
2017-10-17,QUESS,EQ,835.3,835.95,835.95,827.0,827.0,831.0,830.73,46062,3826521395000.0005,1021,36073,0.7831
2017-10-18,QUESS,EQ,831.0,833.95,837.65,823.0,827.25,829.25,831.95,24576,2044594264999.9998,905,17247,0.7018000000000001
2017-10-19,QUESS,EQ,829.25,835.0,850.0,832.0,839.0,837.65,841.32,16058,1350993095000.0,878,6637,0.4133
2017-10-23,QUESS,EQ,837.65,839.9,839.9,823.05,826.0,830.2,831.69,58361,4853850555000.0,3667,41313,0.7079000000000001
2017-10-24,QUESS,EQ,830.2,830.75,847.7,826.0,833.0,835.2,836.81,31089,2601557165000.0,6367,22043,0.7090000000000001
2017-10-25,QUESS,EQ,835.2,835.0,850.0,823.0,850.0,849.4,845.14,95701,8088051995000.0,3357,64911,0.6783
2017-10-26,QUESS,EQ,849.4,874.0,900.0,861.0,874.75,866.05,882.61,390225,34441570614999.996,13272,174273,0.4466
2017-10-27,QUESS,EQ,866.05,890.0,891.95,864.05,866.5,867.05,873.01,48554,4238812345000.0005,2608,33434,0.6886
2017-10-30,QUESS,EQ,867.05,875.05,879.8,842.55,859.9,859.1,857.56,26515,2273830215000.0,1432,16158,0.6093999999999999
2017-10-31,QUESS,EQ,859.1,861.0,861.0,845.0,847.0,848.5,850.75,52222,4442784780000.0,2583,40345,0.7726000000000001
2017-11-01,QUESS,EQ,848.5,857.95,857.95,837.0,840.5,842.3,842.2,59060,4974051340000.0,3122,37482,0.6346
2017-11-02,QUESS,EQ,842.3,844.8,849.0,835.05,839.6,841.6,840.96,23126,1944803735000.0002,1519,14663,0.634
2017-11-03,QUESS,EQ,841.6,847.95,848.05,832.0,833.0,834.95,839.11,22995,1929522345000.0,1499,14721,0.6402
2017-11-06,QUESS,EQ,834.95,841.9,841.9,827.0,827.0,829.6,832.49,26560,2211088360000.0,1217,20735,0.7807
2017-11-07,QUESS,EQ,829.6,835.1,835.1,808.0,808.0,812.75,819.47,53415,4377187390000.0,2554,45041,0.8432
2017-11-08,QUESS,EQ,812.75,823.75,823.75,799.0,800.0,800.35,812.78,234121,19028917630000.0,4598,210788,0.9003
2017-11-09,QUESS,EQ,800.35,813.95,825.0,795.0,814.0,821.95,810.97,84040,6815384480000.0,2377,66656,0.7931
2017-11-10,QUESS,EQ,821.95,822.05,837.85,819.05,819.05,826.45,828.12,151131,12515419910000.0,3410,128415,0.8497
2017-11-13,QUESS,EQ,826.45,835.0,840.0,821.0,821.1,830.0,830.55,182528,15159897540000.0,2687,161518,0.8849
2017-11-14,QUESS,EQ,830.0,838.7,848.5,813.5,815.0,820.55,833.58,84709,7061152209999.999,11818,56080,0.662
2017-11-15,QUESS,EQ,820.55,820.55,825.05,803.0,803.65,808.65,814.88,45332,3694015390000.0,4535,35790,0.7895000000000001
2017-11-16,QUESS,EQ,808.65,808.0,824.7,808.0,814.35,817.0,817.7,31929,2610819675000.0,3145,23950,0.7501000000000001
2017-11-17,QUESS,EQ,817.0,825.55,837.9,808.0,808.0,818.6,821.41,45558,3742191045000.0005,3691,32493,0.7132
2017-11-20,QUESS,EQ,818.6,818.0,870.0,817.9,865.0,865.2,851.26,340875,29017478895000.0,8278,296726,0.8704999999999999
2017-11-21,QUESS,EQ,865.2,918.0,948.0,895.0,909.55,908.7,920.88,854926,78728506200000.0,28782,429852,0.5028
2017-11-22,QUESS,EQ,908.7,903.7,924.8,880.6,917.0,914.4,910.62,185936,16931743919999.998,10704,87403,0.47009999999999996
2017-11-23,QUESS,EQ,914.4,840.0,868.0,835.65,858.1,858.0,852.8,1665381,142023161335000.0,28700,545805,0.32770000000000005
2017-11-24,QUESS,EQ,858.0,853.0,975.0,850.05,920.0,924.45,909.02,4513011,410243746500000.0,82246,1817213,0.40270000000000006
2017-11-27,QUESS,EQ,924.45,910.0,923.0,899.95,915.5,914.4,911.3,1205363,109844945030000.0,34119,594030,0.4928
2017-11-28,QUESS,EQ,914.4,919.8,931.8,909.95,921.0,921.95,922.42,545237,50293545540000.0,13886,281718,0.5167
2017-11-29,QUESS,EQ,921.95,924.0,943.85,917.0,939.0,932.6,926.49,511259,47367689740000.0,12290,349131,0.6829000000000001
2017-11-30,QUESS,EQ,932.6,936.1,949.9,926.1,933.3,941.15,939.96,794351,74665885015000.0,25411,566795,0.7134999999999999
2017-12-01,QUESS,EQ,941.15,941.0,953.55,909.85,923.7,923.45,932.93,247001,23043393065000.0,7035,153344,0.6208
2017-12-04,QUESS,EQ,923.45,927.9,945.0,916.85,941.0,939.25,936.05,164811,15427170025000.0,9037,83283,0.5053
2017-12-05,QUESS,EQ,939.25,930.5,951.0,927.25,940.3,944.8,941.04,150639,14175694419999.998,11675,90888,0.6033
2017-12-06,QUESS,EQ,944.8,932.0,945.0,932.0,938.65,939.05,939.04,106106,9963785280000.0,4631,80958,0.763
2017-12-07,QUESS,EQ,939.05,944.3,968.8,940.0,952.7,951.65,953.79,253571,24185458800000.0,8962,140922,0.5557
2017-12-08,QUESS,EQ,951.65,959.5,984.0,953.2,977.15,977.5,972.21,334585,32528678489999.996,6919,222918,0.6663
2017-12-11,QUESS,EQ,977.5,989.9,1079.0,978.5,1068.8,1063.4,1042.77,862528,89942011765000.0,33061,298525,0.3461
2017-12-12,QUESS,EQ,1063.4,1079.0,1113.25,1035.0,1038.0,1051.25,1082.3,471227,51000759870000.0,21441,113611,0.2411
2017-12-13,QUESS,EQ,1051.25,1042.0,1050.95,1003.4,1013.0,1011.25,1023.25,182621,18686636310000.0,9714,85937,0.4706
2017-12-14,QUESS,EQ,1011.25,1017.95,1027.95,1003.5,1025.0,1022.75,1014.41,119774,12150002145000.0,7239,57609,0.48100000000000004
2017-12-15,QUESS,EQ,1022.75,1040.0,1054.4,1026.75,1033.5,1038.45,1041.97,122364,12749947265000.0,9202,52915,0.4324
2017-12-18,QUESS,EQ,1038.45,1030.0,1060.0,995.25,1033.15,1036.15,1036.75,84051,8714016340000.001,6004,31706,0.3772
2017-12-19,QUESS,EQ,1036.15,1045.0,1070.0,1031.5,1055.0,1051.35,1051.13,809353,85073700190000.0,6529,60689,0.075
2017-12-20,QUESS,EQ,1051.35,1052.0,1083.7,1045.05,1075.0,1074.95,1064.55,173595,18480035445000.0,7238,102224,0.5889
2017-12-21,QUESS,EQ,1074.95,1071.0,1090.0,1062.15,1085.0,1080.15,1074.87,79932,8591644709999.999,6342,42872,0.5364
2017-12-22,QUESS,EQ,1080.15,1089.0,1093.7,1065.5,1076.0,1073.95,1079.18,69786,7531149995000.0,7343,41547,0.5953
2017-12-26,QUESS,EQ,1073.95,1079.85,1098.0,1062.95,1090.0,1089.3,1087.52,79646,8661643240000.001,5487,54030,0.6784
2017-12-27,QUESS,EQ,1089.3,1100.0,1100.6,1081.0,1085.0,1086.45,1088.69,55991,6095702175000.0,3523,38879,0.6944
2017-12-28,QUESS,EQ,1086.45,1095.0,1151.5,1095.0,1125.0,1132.2,1130.98,237318,26840229665000.0,12556,73904,0.3114
2017-12-29,QUESS,EQ,1132.2,1146.0,1164.95,1140.0,1148.0,1154.15,1151.48,122359,14089386994999.998,9071,56050,0.4581
2018-01-01,QUESS,EQ,1154.15,1154.65,1164.4,1131.1,1155.0,1154.65,1146.54,85157,9763609660000.0,3347,30962,0.3636
2018-01-02,QUESS,EQ,1154.65,1155.0,1194.15,1138.0,1179.95,1178.55,1162.71,100049,11632797405000.0,4373,53779,0.5375
2018-01-03,QUESS,EQ,1178.55,1194.9,1194.9,1141.95,1148.95,1159.35,1163.9,208647,24284362255000.0,15970,161064,0.7719
2018-01-04,QUESS,EQ,1159.35,1162.0,1162.9,1122.55,1129.9,1132.35,1144.68,165395,18932390215000.0,5407,129437,0.7826000000000001
2018-01-05,QUESS,EQ,1132.35,1132.0,1140.95,1105.95,1117.05,1130.9,1124.38,186091,20923776610000.0,9760,148509,0.798
2018-01-08,QUESS,EQ,1130.9,1130.1,1139.0,1115.0,1120.0,1122.95,1125.85,39177,4410729595000.0,2593,23352,0.5961
2018-01-09,QUESS,EQ,1122.95,1129.0,1129.0,1073.35,1082.0,1085.25,1094.41,82088,8983781080000.0,5309,48317,0.5886
2018-01-10,QUESS,EQ,1085.25,1094.7,1099.0,1052.35,1055.0,1061.25,1069.05,111430,11912444270000.0,5701,59021,0.5297
2018-01-11,QUESS,EQ,1061.25,1069.65,1069.65,1047.0,1057.5,1054.95,1055.54,89782,9476818230000.0,6700,57533,0.6408
2018-01-12,QUESS,EQ,1054.95,1053.5,1087.0,1047.0,1068.0,1069.95,1072.0,131094,14053292260000.0,5990,65599,0.5004
2018-01-15,QUESS,EQ,1069.95,1063.8,1099.95,1063.8,1080.0,1087.35,1086.57,82762,8992678770000.0,5895,47638,0.5756
2018-01-16,QUESS,EQ,1087.35,1089.1,1090.6,1030.05,1043.0,1047.8,1055.23,109317,11535478505000.0,5831,78828,0.7211
2018-01-17,QUESS,EQ,1047.8,1036.25,1061.55,1018.75,1053.0,1053.7,1044.0,74733,7802095365000.001,3750,39181,0.5243
2018-01-18,QUESS,EQ,1053.7,1048.0,1065.0,1030.0,1030.0,1040.4,1051.03,67835,7129687409999.999,5766,26413,0.38939999999999997
2018-01-19,QUESS,EQ,1040.4,1044.75,1061.25,1025.3,1041.0,1052.0,1042.95,61270,6390179025000.0,7048,34612,0.5649000000000001
2018-01-22,QUESS,EQ,1052.0,1050.0,1087.1,1048.9,1065.1,1075.25,1060.74,205101,21755898105000.0,7392,156730,0.7642
2018-01-23,QUESS,EQ,1075.25,1093.75,1094.1,1051.1,1051.1,1057.4,1073.11,166158,17830634575000.0,7585,125226,0.7537
2018-01-24,QUESS,EQ,1057.4,1065.0,1109.9,1060.9,1109.9,1103.45,1088.27,101607,11057609755000.0,8071,63124,0.6213000000000001
2018-01-25,QUESS,EQ,1103.45,1138.0,1167.0,1099.65,1118.0,1112.85,1124.85,459956,51738316465000.0,25804,301943,0.6565000000000001
2018-01-29,QUESS,EQ,1112.85,1115.0,1119.75,1054.9,1073.0,1068.15,1079.67,68118,7354517930000.0,4587,39782,0.584
2018-01-30,QUESS,EQ,1068.15,1098.9,1098.9,1038.95,1043.0,1042.9,1053.37,85820,9039988925000.0,4219,48775,0.5683
2018-01-31,QUESS,EQ,1042.9,975.15,1017.9,947.85,986.0,984.25,959.2,6890064,660891586630000.0,33535,5541194,0.8042
2018-02-01,QUESS,EQ,984.25,995.0,1038.0,971.65,1022.0,1019.25,1003.72,860014,86321493005000.0,22262,646745,0.752
2018-02-02,QUESS,EQ,1019.25,1004.95,1016.55,960.0,1004.5,1000.15,996.66,282018,28107606205000.0,13043,161834,0.5738000000000001
2018-02-05,QUESS,EQ,1000.15,985.0,1002.0,966.0,980.9,976.95,983.77,238711,23483745280000.0,9838,174106,0.7293999999999999
2018-02-06,QUESS,EQ,976.95,951.0,959.0,914.65,934.0,937.85,936.1,419665,39284785340000.0,15957,325157,0.7748
2018-02-07,QUESS,EQ,937.85,948.95,977.5,945.2,964.55,955.7,962.3,177367,17068106285000.0,10354,124545,0.7022
2018-02-08,QUESS,EQ,955.7,964.8,975.0,955.55,960.0,963.55,966.41,216265,20900156190000.0,6334,161941,0.7488
2018-02-09,QUESS,EQ,963.55,950.0,950.05,930.5,935.0,935.1,942.71,114941,10835555970000.0,8045,67875,0.5905
2018-02-12,QUESS,EQ,935.1,944.8,959.0,940.0,947.8,950.2,949.39,76864,7297393880000.0,8463,43887,0.5710000000000001
2018-02-14,QUESS,EQ,950.2,960.0,965.0,948.0,949.9,957.15,959.57,163981,15735147465000.0,6411,136694,0.8336
2018-02-15,QUESS,EQ,957.15,960.8,975.05,944.0,970.0,969.85,960.95,253310,24341896335000.0,8388,198189,0.7824
2018-02-16,QUESS,EQ,969.85,976.0,976.0,950.25,960.0,963.75,962.7,109385,10530441635000.0,6062,87388,0.7989
2018-02-19,QUESS,EQ,963.75,970.0,995.0,946.5,993.0,987.45,969.67,88945,8624759565000.001,5846,48776,0.5484
2018-02-20,QUESS,EQ,987.45,987.45,994.95,965.0,983.75,985.0,983.65,175140,17227725130000.002,6690,140263,0.8009000000000001
2018-02-21,QUESS,EQ,985.0,985.0,990.5,973.6,975.0,979.3,982.1,71869,7058260659999.999,6704,46274,0.6439
2018-02-22,QUESS,EQ,979.3,975.0,989.35,940.0,955.0,960.9,979.0,83457,8170479320000.0,5563,40739,0.48810000000000003
2018-02-23,QUESS,EQ,960.9,961.0,997.95,961.0,995.0,989.3,988.02,109289,10798020030000.0,14005,61990,0.5672
2018-02-26,QUESS,EQ,989.3,999.1,1017.0,977.85,1001.45,1000.7,999.0,157737,15757945244999.998,19279,108830,0.6899
2018-02-27,QUESS,EQ,1000.7,1014.35,1014.35,982.5,1000.0,1000.4,998.45,105158,10499480750000.0,9297,63657,0.6053000000000001
2018-02-28,QUESS,EQ,1000.4,999.0,1040.0,989.6,1032.65,1034.35,1013.27,438419,44423500905000.0,11549,354075,0.8076000000000001
2018-03-01,QUESS,EQ,1034.35,1032.65,1068.9,981.6,992.0,1009.9,1043.85,284853,29734374589999.996,17585,185335,0.6506000000000001
2018-03-05,QUESS,EQ,1009.9,999.7,1004.7,915.65,982.0,991.4,966.46,416053,40209696245000.0,28853,203971,0.4903
2018-03-06,QUESS,EQ,991.4,989.9,990.95,950.0,956.8,973.65,976.17,138341,13504443015000.0,9883,82499,0.5963
2018-03-07,QUESS,EQ,973.65,969.7,969.7,934.05,954.6,955.5,952.87,149189,14215827265000.0,10114,111070,0.7445
2018-03-08,QUESS,EQ,955.5,955.8,974.2,942.45,968.05,965.7,960.45,47926,4603057970000.0,5244,26493,0.5528000000000001
2018-03-09,QUESS,EQ,965.7,965.7,995.4,960.5,988.0,988.7,987.78,85399,8435543705000.0,7055,50435,0.5906
2018-03-12,QUESS,EQ,988.7,990.0,1033.3,990.0,1019.0,1026.8,1020.65,220107,22465320475000.0,13922,159911,0.7265
2018-03-13,QUESS,EQ,1026.8,1026.0,1049.0,1011.2,1029.05,1026.25,1024.07,186485,19097341715000.0,19766,122403,0.6564
2018-03-14,QUESS,EQ,1026.25,1030.5,1031.0,1003.55,1011.1,1016.05,1016.31,155580,15811774050000.0,7797,129408,0.8318000000000001
2018-03-15,QUESS,EQ,1016.05,1020.0,1039.95,1012.85,1019.45,1017.25,1019.64,70824,7221472540000.001,8281,53261,0.752
2018-03-16,QUESS,EQ,1017.25,1014.0,1042.1,1014.0,1035.7,1030.95,1030.68,1177354,121347428384999.98,42179,1041194,0.8844
2018-03-19,QUESS,EQ,1030.95,1038.0,1057.9,1030.0,1040.0,1046.0,1044.91,136612,14274772115000.0,9111,98876,0.7238
2018-03-20,QUESS,EQ,1046.0,1040.0,1050.0,1021.25,1048.5,1045.85,1042.5,91846,9574928055000.0,5896,65541,0.7136
2018-03-21,QUESS,EQ,1045.85,1055.0,1055.0,1021.05,1029.9,1029.85,1035.25,77842,8058614790000.001,8920,54075,0.6947
2018-03-22,QUESS,EQ,1029.85,1025.0,1055.0,1021.85,1032.0,1030.6,1034.81,76813,7948714784999.999,5372,46683,0.6077
2018-03-23,QUESS,EQ,1030.6,1030.0,1077.5,1004.55,1069.0,1051.15,1033.04,160729,16604007730000.002,6133,122624,0.7629000000000001
2018-03-26,QUESS,EQ,1051.15,1059.95,1075.0,1042.55,1058.0,1055.95,1059.37,126127,13361565065000.0,7341,95678,0.7586
2018-03-27,QUESS,EQ,1055.95,1060.0,1069.0,1044.0,1048.25,1049.8,1052.41,29238,3077038000000.0,3170,19038,0.6511
2018-03-28,QUESS,EQ,1049.8,1055.0,1070.95,1021.5,1027.0,1028.0,1049.23,100273,10520903405000.0,8865,70377,0.7019
2018-04-02,QUESS,EQ,1028.0,1035.0,1046.5,1011.6,1020.0,1019.45,1017.45,72618,7388552380000.0,3317,56425,0.777
2018-04-03,QUESS,EQ,1019.45,1017.1,1024.0,1000.05,1006.5,1006.4,1005.7,318851,32066984475000.0,10592,268743,0.8428
2018-04-04,QUESS,EQ,1006.4,1014.0,1019.1,1006.15,1012.0,1015.0,1014.48,391895,39757050420000.0,4936,277506,0.7081000000000001
2018-04-05,QUESS,EQ,1015.0,1015.1,1068.0,1015.1,1050.0,1057.55,1049.71,633272,66475408225000.0,8380,575978,0.9095000000000001
2018-04-06,QUESS,EQ,1057.55,1055.1,1071.35,1040.55,1071.0,1067.35,1053.45,203726,21461467590000.0,4387,184323,0.9048
2018-04-09,QUESS,EQ,1067.35,1075.0,1075.0,1044.2,1048.05,1060.35,1067.06,65147,6951583780000.0,3806,45272,0.6949
2018-04-10,QUESS,EQ,1060.35,1067.0,1067.0,1031.2,1033.0,1035.45,1043.51,20389,2127618000000.0,3144,12850,0.6302000000000001
2018-04-11,QUESS,EQ,1035.45,1040.0,1056.55,1035.0,1047.95,1045.45,1043.84,38223,3989878395000.0005,4474,17705,0.4632
2018-04-12,QUESS,EQ,1045.45,1052.8,1059.0,1025.8,1035.0,1035.35,1040.47,30761,3200602035000.0,2982,11859,0.38549999999999995
2018-04-13,QUESS,EQ,1035.35,1039.0,1048.45,1036.0,1040.0,1041.4,1041.6,25179,2622638545000.0,2474,8308,0.33
2018-04-16,QUESS,EQ,1041.4,1042.0,1070.7,1032.0,1050.0,1046.05,1043.55,239781,25022245080000.0,8185,177434,0.74
2018-04-17,QUESS,EQ,1046.05,1054.8,1065.5,1050.0,1055.0,1055.8,1055.94,68822,7267206659999.999,6749,49459,0.7187
2018-04-18,QUESS,EQ,1055.8,1061.05,1087.1,1050.0,1050.0,1057.8,1078.24,422893,45597996730000.0,4152,382552,0.9046
2018-04-19,QUESS,EQ,1057.8,1057.8,1068.95,1043.75,1067.0,1064.45,1054.23,22339,2355041605000.0,2229,10149,0.4543
2018-04-20,QUESS,EQ,1064.45,1067.0,1077.0,1044.0,1048.4,1053.9,1055.87,29352,3099193965000.0,2723,10306,0.3511
2018-04-23,QUESS,EQ,1053.9,1053.9,1075.0,1048.0,1055.15,1063.45,1066.37,139104,14833686869999.998,3134,116602,0.8382
2018-04-24,QUESS,EQ,1063.45,1064.0,1087.5,1052.6,1052.6,1065.2,1067.94,48916,5223911715000.0,4302,27934,0.5711
2018-04-25,QUESS,EQ,1065.2,1062.35,1144.8,1062.0,1113.0,1115.4,1107.3,319433,35370725995000.0,20411,150753,0.4719
2018-04-26,QUESS,EQ,1115.4,1137.0,1185.75,1121.2,1165.0,1161.65,1161.38,366881,42608680170000.0,17640,199192,0.5429
2018-04-27,QUESS,EQ,1161.65,1161.65,1169.0,1141.95,1162.5,1162.7,1159.07,52346,6067286440000.0,4492,22213,0.4243
2018-04-30,QUESS,EQ,1162.7,1160.1,1167.9,1132.0,1155.5,1162.25,1151.09,88942,10238045610000.0,4787,53965,0.6067
2018-05-02,QUESS,EQ,1162.25,1172.0,1172.0,1135.6,1139.0,1139.7,1151.89,44458,5121092280000.0,5123,28805,0.6479
2018-05-03,QUESS,EQ,1139.7,1144.2,1197.0,1125.05,1159.0,1166.75,1162.22,118655,13790339190000.0,9121,60948,0.5136999999999999
2018-05-04,QUESS,EQ,1166.75,1169.0,1175.0,1155.0,1165.0,1167.45,1168.11,64884,7579184934999.999,4279,37875,0.5837
2018-05-07,QUESS,EQ,1167.45,1177.0,1204.8,1165.0,1187.3,1188.9,1185.31,141330,16751931094999.998,7081,106097,0.7506999999999999
2018-05-08,QUESS,EQ,1188.9,1189.0,1249.0,1189.0,1237.2,1233.2,1225.51,263174,32252353855000.0,10661,150889,0.5733
2018-05-09,QUESS,EQ,1233.2,1243.3,1249.0,1210.0,1220.0,1223.75,1227.33,71083,8724257365000.001,7733,37965,0.5341
2018-05-10,QUESS,EQ,1223.75,1226.55,1231.25,1205.0,1218.0,1218.8,1218.15,48487,5906451170000.0,4519,33746,0.696
2018-05-11,QUESS,EQ,1218.8,1217.5,1217.5,1180.0,1180.0,1189.95,1191.78,36497,4349623510000.0,6920,21607,0.5920000000000001
2018-05-14,QUESS,EQ,1189.95,1177.0,1198.75,1145.0,1171.0,1164.65,1179.59,127314,15017889594999.998,3144,108880,0.8552
2018-05-15,QUESS,EQ,1164.65,1189.0,1208.9,1161.0,1199.0,1192.8,1182.23,152000,17969965885000.0,8368,116762,0.7682
2018-05-16,QUESS,EQ,1192.8,1181.2,1205.95,1175.0,1196.15,1192.2,1194.07,102288,12213932080000.0,9064,74645,0.7298
2018-05-17,QUESS,EQ,1192.2,1199.0,1225.0,1161.05,1177.2,1173.05,1189.62,73633,8759511225000.0,6492,33242,0.4515
2018-05-18,QUESS,EQ,1173.05,1180.0,1199.95,1135.0,1160.0,1159.05,1163.09,130259,15150358119999.998,11934,50163,0.3851
2018-05-21,QUESS,EQ,1159.05,1189.0,1189.0,1076.95,1090.0,1106.55,1115.16,86949,9696226645000.0,10155,44338,0.5099
2018-05-22,QUESS,EQ,1106.55,1109.8,1133.0,1089.55,1128.8,1117.05,1120.89,111666,12516566375000.0,10268,71444,0.6398
2018-05-23,QUESS,EQ,1117.05,1111.0,1143.0,1102.15,1115.0,1119.65,1117.7,67353,7528023759999.999,5359,31476,0.4673
2018-05-24,QUESS,EQ,1119.65,1122.0,1135.8,1052.7,1070.0,1070.65,1091.51,78467,8564760650000.0,7279,46795,0.5964
2018-05-25,QUESS,EQ,1070.65,1077.75,1137.0,1057.0,1133.2,1128.9,1103.11,56656,6249759715000.0,5407,30650,0.541
2018-05-28,QUESS,EQ,1128.9,1139.9,1174.95,1133.5,1170.0,1156.45,1150.79,90097,10368265730000.0,9688,49404,0.5483
2018-05-29,QUESS,EQ,1156.45,1169.85,1171.8,1145.0,1145.0,1153.85,1155.59,25861,2988482750000.0,2109,13178,0.5096
2018-05-30,QUESS,EQ,1153.85,1140.0,1190.0,1139.6,1167.0,1178.35,1177.73,119871,14117550485000.0,14130,70431,0.5876
2018-05-31,QUESS,EQ,1178.35,1178.35,1188.95,1121.15,1179.15,1173.45,1168.51,154560,18060431525000.0,7008,115926,0.75
2018-06-01,QUESS,EQ,1173.45,1160.2,1199.9,1158.15,1165.0,1173.0,1179.92,68964,8137230600000.0,7417,26615,0.3859
2018-06-04,QUESS,EQ,1173.0,1178.95,1178.95,1136.1,1169.5,1159.4,1154.38,42111,4861228275000.0,6431,19345,0.4594
2018-06-05,QUESS,EQ,1159.4,1159.0,1175.0,1132.0,1137.0,1147.25,1155.72,46179,5336996120000.0,4899,22116,0.4789
2018-06-06,QUESS,EQ,1147.25,1147.25,1147.25,1051.5,1090.0,1092.75,1111.25,48102,5345344585000.0,3299,23478,0.48810000000000003
2018-06-07,QUESS,EQ,1092.75,1104.6,1147.8,1104.6,1127.0,1132.55,1128.35,58516,6602626955000.0,5954,17723,0.3029
2018-06-08,QUESS,EQ,1132.55,1137.1,1180.0,1134.9,1180.0,1155.55,1151.32,520450,59920445604999.99,4193,492652,0.9466
2018-06-11,QUESS,EQ,1155.55,1165.5,1206.15,1165.5,1201.0,1198.3,1190.62,73310,8728417080000.0,4095,37689,0.5141
2018-06-12,QUESS,EQ,1198.3,1201.0,1284.0,1201.0,1276.1,1270.7,1249.46,274082,34245436550000.0,15187,115993,0.4232
2018-06-13,QUESS,EQ,1270.7,1280.0,1303.15,1240.2,1251.0,1255.25,1272.54,233684,29737206045000.0,9798,131170,0.5613
2018-06-14,QUESS,EQ,1255.25,1259.0,1267.8,1228.1,1232.0,1233.2,1244.93,56288,7007482440000.001,4463,21003,0.37310000000000004
2018-06-15,QUESS,EQ,1233.2,1244.0,1244.2,1203.35,1212.0,1213.6,1217.37,48218,5869898955000.0,5627,22469,0.466
2018-06-18,QUESS,EQ,1213.6,1224.0,1225.0,1184.75,1186.9,1194.8,1200.9,38717,4649529175000.0,4696,17027,0.43979999999999997
2018-06-19,QUESS,EQ,1194.8,1199.0,1199.0,1140.05,1142.55,1148.6,1160.55,42976,4987590105000.0,3191,21897,0.5095000000000001
2018-06-20,QUESS,EQ,1148.6,1152.45,1157.9,1085.25,1110.0,1102.5,1110.26,119090,13222037995000.0,18514,56285,0.47259999999999996
2018-06-21,QUESS,EQ,1102.5,1105.1,1138.4,1092.15,1093.0,1101.8,1116.33,73881,8247557105000.0,6099,18320,0.24800000000000003
2018-06-22,QUESS,EQ,1101.8,1108.8,1123.8,1080.0,1090.0,1094.35,1107.34,245738,27211473060000.004,7652,139444,0.5674
2018-06-25,QUESS,EQ,1094.35,1080.0,1108.55,1075.05,1080.0,1081.55,1088.42,42017,4573225960000.0,3471,15406,0.3667
2018-06-26,QUESS,EQ,1081.55,1079.65,1094.0,1060.35,1063.0,1065.8,1077.08,47151,5078518730000.0,3034,14500,0.3075
2018-06-27,QUESS,EQ,1065.8,1074.8,1093.8,1055.0,1081.35,1082.15,1074.6,114452,12299057545000.0,7766,79155,0.6916
2018-06-28,QUESS,EQ,1082.15,1094.8,1099.0,1070.0,1075.1,1080.5,1086.47,51604,5606623385000.0,4875,20993,0.4068
2018-06-29,QUESS,EQ,1080.5,1084.9,1149.0,1075.0,1138.05,1141.1,1114.76,122693,13677267269999.998,10760,62562,0.5099
2018-07-02,QUESS,EQ,1141.1,1142.0,1144.4,1090.0,1090.2,1100.0,1105.81,56873,6289069370000.0,8822,27948,0.4914
2018-07-03,QUESS,EQ,1100.0,1098.0,1103.0,1070.0,1073.9,1075.9,1084.26,57174,6199167325000.0,7735,31514,0.5512
2018-07-04,QUESS,EQ,1075.9,1080.0,1095.0,1056.0,1090.0,1081.5,1069.88,168209,17996338995000.0,4830,137332,0.8164
2018-07-05,QUESS,EQ,1081.5,1085.5,1121.7,1085.5,1107.15,1106.1,1101.13,151335,16663943085000.0,3450,117122,0.7739
2018-07-06,QUESS,EQ,1106.1,1121.95,1130.0,1095.0,1098.1,1102.9,1115.07,48022,5354787575000.0,6295,18447,0.3841
2018-07-09,QUESS,EQ,1102.9,1113.95,1122.7,1083.35,1087.0,1094.2,1102.27,29125,3210356960000.0,3334,17159,0.5892000000000001
2018-07-10,QUESS,EQ,1094.2,1094.2,1108.6,1082.2,1091.05,1095.2,1098.38,61000,6700128930000.0,8311,40790,0.6687000000000001
2018-07-11,QUESS,EQ,1095.2,1084.2,1099.85,1081.1,1084.0,1086.05,1088.28,25119,2733662170000.0,2448,14062,0.5598
2018-07-12,QUESS,EQ,1086.05,1085.5,1095.0,1065.1,1070.0,1070.6,1072.85,54979,5898425545000.0,4946,26298,0.4783
2018-07-13,QUESS,EQ,1070.6,1075.0,1084.4,1061.0,1075.0,1070.3,1078.68,106092,11443927405000.0,2849,73782,0.6955
2018-07-16,QUESS,EQ,1070.3,1074.0,1079.7,1005.25,1054.95,1041.05,1035.26,77713,8045328159999.999,5152,43903,0.5649000000000001
2018-07-17,QUESS,EQ,1041.05,1041.05,1094.0,1021.0,1069.95,1069.25,1052.34,54921,5779532300000.0,3895,26139,0.47590000000000005
2018-07-18,QUESS,EQ,1069.25,1060.0,1088.0,1059.2,1075.0,1073.35,1076.45,70276,7564893009999.999,3166,51546,0.7334999999999999
2018-07-19,QUESS,EQ,1073.35,1098.0,1106.85,1070.0,1073.55,1081.6,1087.42,58031,6310384440000.0,4172,16966,0.2924
2018-07-20,QUESS,EQ,1081.6,1075.0,1082.0,1062.3,1068.0,1078.15,1073.36,47283,5075190735000.0,3705,11586,0.245
2018-07-23,QUESS,EQ,1078.15,1078.15,1110.1,1065.6,1099.9,1096.8,1089.33,38409,4184012545000.0005,4113,15607,0.40630000000000005
2018-07-24,QUESS,EQ,1096.8,1097.9,1112.0,1084.5,1095.0,1097.05,1097.3,33814,3710413925000.0,4646,21606,0.639
2018-07-25,QUESS,EQ,1097.05,1097.05,1108.9,1083.5,1103.0,1100.35,1091.44,31893,3480918195000.0005,4596,16467,0.5163
2018-07-26,QUESS,EQ,1100.35,1101.0,1138.5,1097.1,1128.0,1128.1,1126.96,40194,4529696315000.0,4066,17755,0.44170000000000004
2018-07-27,QUESS,EQ,1128.1,1138.0,1138.5,1060.1,1075.0,1070.55,1091.48,98325,10731958930000.0,7282,45154,0.45920000000000005
2018-07-30,QUESS,EQ,1070.55,1070.0,1079.05,1016.5,1024.0,1024.65,1028.71,132243,13604032250000.0,9344,93042,0.7036
2018-07-31,QUESS,EQ,1024.65,1025.0,1028.45,966.0,969.95,972.35,988.56,236358,23365300225000.0,15508,171593,0.726
2018-08-01,QUESS,EQ,972.35,980.0,1025.2,975.15,1011.0,1015.1,994.46,121251,12057873510000.0,11123,64461,0.5316
2018-08-02,QUESS,EQ,1015.1,1019.8,1031.5,997.4,998.0,1004.1,1014.08,100570,10198611005000.0,13991,47739,0.4747
2018-08-03,QUESS,EQ,1004.1,1009.05,1010.95,980.0,981.05,982.6,991.7,117818,11684059370000.0,11930,73855,0.6269
2018-08-06,QUESS,EQ,982.6,989.95,995.0,979.0,981.5,983.0,985.22,73890,7279809300000.0,5684,46355,0.6274000000000001
2018-08-07,QUESS,EQ,983.0,983.0,994.95,965.0,990.0,974.6,972.96,449891,43772500350000.0,7957,398755,0.8863
2018-08-08,QUESS,EQ,974.6,983.05,1025.0,976.6,1015.0,1020.6,1001.03,219412,21963738195000.0,6745,148289,0.6758
2018-08-09,QUESS,EQ,1020.6,1025.5,1037.0,1010.0,1032.0,1026.75,1026.5,70607,7247775400000.0,3911,34763,0.49229999999999996
2018-08-10,QUESS,EQ,1026.75,1029.1,1035.0,1010.0,1025.0,1027.2,1021.96,39906,4078251390000.0,2422,21319,0.5342
2018-08-13,QUESS,EQ,1027.2,1010.0,1033.55,1010.0,1030.0,1029.0,1022.39,27166,2777436165000.0,2712,14951,0.5504
2018-08-14,QUESS,EQ,1029.0,1035.6,1035.6,1003.0,1012.1,1020.7,1020.02,117566,11991969000000.0,5848,72884,0.6199
2018-08-16,QUESS,EQ,1020.7,1020.7,1023.7,1002.1,1008.0,1015.2,1012.84,39008,3950885960000.0,2192,23111,0.5925
2018-08-17,QUESS,EQ,1015.2,1016.0,1050.0,1015.0,1038.0,1036.7,1035.37,66215,6855670470000.0,3855,44845,0.6773
2018-08-20,QUESS,EQ,1036.7,1040.0,1069.95,1038.95,1063.0,1063.8,1051.84,68668,7222781850000.0,3839,50799,0.7398
2018-08-21,QUESS,EQ,1063.8,1063.8,1106.35,1063.6,1084.0,1087.7,1081.57,303710,32848460345000.0,4283,262508,0.8643000000000001
2018-08-23,QUESS,EQ,1087.7,1119.95,1119.95,1079.0,1082.0,1084.35,1093.02,39759,4345756245000.0005,2630,23463,0.5901
2018-08-24,QUESS,EQ,1084.35,1075.45,1083.95,1062.0,1072.0,1075.0,1071.92,37663,4037165910000.0,3555,19434,0.516
2018-08-27,QUESS,EQ,1075.0,1070.0,1092.3,1070.0,1079.8,1088.65,1089.26,578583,63022840400000.0,4012,547981,0.9470999999999999
2018-08-28,QUESS,EQ,1088.65,1087.9,1091.15,1045.0,1055.0,1068.35,1073.38,26509,2845430600000.0,2055,10777,0.4065
2018-08-29,QUESS,EQ,1068.35,1054.0,1077.95,1038.0,1048.0,1050.15,1058.48,24953,2641223805000.0,2709,11773,0.4718
2018-08-30,QUESS,EQ,1050.15,1043.7,1051.6,1007.0,1010.0,1010.2,1020.41,55985,5712756935000.0,4046,38373,0.6854000000000001
2018-08-31,QUESS,EQ,1010.2,1012.95,1015.0,970.2,973.9,977.05,985.55,215062,21195345835000.0,13126,190292,0.8848
2018-09-03,QUESS,EQ,977.05,976.95,989.75,970.05,974.75,974.25,981.96,49188,4830075195000.0,4527,31805,0.6466
2018-09-04,QUESS,EQ,974.25,991.0,996.95,930.65,938.0,939.35,953.84,119828,11429661680000.0,12796,73635,0.6145
2018-09-05,QUESS,EQ,939.35,944.0,944.0,916.35,927.0,926.9,929.41,103200,9591543170000.0,12095,69201,0.6706000000000001
2018-09-06,QUESS,EQ,926.9,941.95,941.95,905.0,918.95,915.9,914.06,109710,10028181925000.0,15635,57912,0.5279
2018-09-07,QUESS,EQ,915.9,919.95,955.05,917.1,955.0,948.95,927.06,557954,51725503325000.0,5196,519018,0.9302
2018-09-10,QUESS,EQ,948.95,952.0,977.6,926.5,934.9,932.35,951.44,78479,7466840684999.999,4712,32535,0.4146
2018-09-11,QUESS,EQ,932.35,939.8,939.8,919.65,926.0,926.1,926.36,79724,7385322900000.0,8984,57099,0.7162000000000001
2018-09-12,QUESS,EQ,926.1,929.8,931.2,910.0,918.0,919.8,922.12,62536,5766599175000.0,5586,40112,0.6414
2018-09-14,QUESS,EQ,919.8,932.2,937.8,915.0,918.85,920.75,926.25,42245,3912953104999.9995,3901,26381,0.6245
2018-09-17,QUESS,EQ,920.75,926.85,926.85,909.25,913.0,912.9,916.55,36235,3321128560000.0,3834,19224,0.5305
2018-09-18,QUESS,EQ,912.9,910.25,918.85,877.8,888.0,889.15,894.52,117686,10527193490000.0,6687,84428,0.7173999999999999
2018-09-19,QUESS,EQ,889.15,894.0,899.9,875.0,878.55,886.1,889.14,50504,4490517430000.0,7657,25504,0.505
2018-09-21,QUESS,EQ,886.1,886.0,919.9,830.75,900.0,890.1,878.29,135199,11874347410000.0,11794,96898,0.7167
2018-09-24,QUESS,EQ,890.1,900.0,909.95,868.55,892.05,892.4,892.62,78842,7037592775000.0,6556,34618,0.4391
2018-09-25,QUESS,EQ,892.4,898.85,921.85,882.65,890.0,900.9,900.9,117440,10580211820000.0,19692,61345,0.5224
2018-09-26,QUESS,EQ,900.9,903.5,918.4,890.0,893.0,899.35,901.29,45397,4091564535000.0,8039,15992,0.3523
2018-09-27,QUESS,EQ,899.35,896.0,916.85,885.25,892.4,890.2,895.09,54043,4837312070000.0,9976,24576,0.4547
2018-09-28,QUESS,EQ,890.2,891.25,907.75,860.45,890.0,888.6,890.97,102457,9128642905000.0,14682,55354,0.5403
2018-10-01,QUESS,EQ,888.6,887.0,893.45,831.1,882.45,889.55,861.62,166889,14379432275000.0,20546,133509,0.8
2018-10-03,QUESS,EQ,889.55,887.45,896.65,859.05,863.0,869.2,880.39,42348,3728266165000.0,9131,20690,0.4886
2018-10-04,QUESS,EQ,869.2,859.0,878.0,801.55,802.0,813.8,835.85,65464,5471829550000.0,11907,39206,0.5989
2018-10-05,QUESS,EQ,813.8,814.0,826.8,780.0,790.2,796.3,800.76,116077,9294985810000.0,14092,78424,0.6756000000000001
2018-10-08,QUESS,EQ,796.3,790.0,795.95,711.5,750.0,746.5,758.42,187688,14234686985000.0,13790,147625,0.7865000000000001
2018-10-09,QUESS,EQ,746.5,748.15,759.6,699.2,731.35,721.8,714.81,290726,20781336795000.0,25383,223626,0.7692
2018-10-10,QUESS,EQ,721.8,721.8,799.0,720.0,760.2,781.55,770.2,121572,9363481250000.0,13990,68490,0.5634
2018-10-11,QUESS,EQ,781.55,745.0,773.7,719.0,758.0,754.55,746.98,80473,6011187930000.0,7581,41020,0.5097
2018-10-12,QUESS,EQ,754.55,758.0,796.7,758.0,790.0,788.85,790.5,77773,6147948970000.0,13736,53985,0.6940999999999999
2018-10-15,QUESS,EQ,788.85,795.0,802.5,770.05,775.15,778.05,785.44,132997,10446096715000.0,11655,77479,0.5826
2018-10-16,QUESS,EQ,778.05,787.95,788.0,751.0,756.35,757.6,767.41,72443,5559351670000.0,7093,46745,0.6453
2018-10-17,QUESS,EQ,757.6,769.0,769.0,742.5,747.25,748.35,756.83,43068,3259531700000.0,2734,19479,0.4523
2018-10-19,QUESS,EQ,748.35,745.0,747.0,726.1,735.0,734.95,733.67,75663,5551130435000.0,9328,58801,0.7770999999999999
2018-10-22,QUESS,EQ,734.95,744.0,745.0,720.75,730.0,733.85,731.35,35021,2561260595000.0,5454,14867,0.42450000000000004
2018-10-23,QUESS,EQ,733.85,725.0,734.95,694.4,720.1,728.25,720.47,51558,3714598004999.9995,8510,31523,0.6114
2018-10-24,QUESS,EQ,728.25,731.95,735.0,715.45,734.15,729.75,727.53,38931,2832340410000.0,6465,21861,0.5615
2018-10-25,QUESS,EQ,729.75,734.0,734.0,711.0,717.0,717.75,719.92,53922,3881941190000.0,7982,36445,0.6759000000000001
2018-10-26,QUESS,EQ,717.75,720.0,720.0,675.0,685.0,686.0,689.18,85579,5897921530000.0,10665,46941,0.5485
2018-10-29,QUESS,EQ,686.0,697.9,697.9,686.0,688.0,689.3,690.85,33990,2348192705000.0,3322,20207,0.5945
2018-10-30,QUESS,EQ,689.3,690.0,711.0,690.0,706.05,704.4,702.52,58312,4096525125000.0,5660,35314,0.6056
2018-10-31,QUESS,EQ,704.4,710.0,751.0,687.8,750.0,725.2,712.28,106585,7591879509999.999,10180,65802,0.6174000000000001
2018-11-01,QUESS,EQ,725.2,740.0,774.65,740.0,757.7,758.15,763.49,427122,32610350530000.0,27841,273620,0.6406000000000001
2018-11-02,QUESS,EQ,758.15,768.8,769.7,744.05,750.0,751.8,757.69,71343,5405582765000.0,3297,43758,0.6133
2018-11-05,QUESS,EQ,751.8,751.8,797.0,746.95,761.2,758.25,775.45,120562,9348995310000.0,7562,36347,0.3015
2018-11-06,QUESS,EQ,758.25,763.75,764.35,741.1,749.0,748.5,752.8,45551,3429060700000.0,4944,25276,0.5549000000000001
2018-11-07,QUESS,EQ,748.5,773.0,785.0,752.0,781.5,776.6,773.02,40569,3136044675000.0,2566,18427,0.45420000000000005
2018-11-09,QUESS,EQ,776.6,781.5,798.0,768.85,785.9,783.45,785.38,68536,5382665340000.0,6213,34818,0.508
2018-11-12,QUESS,EQ,783.45,791.0,799.0,784.55,788.1,791.05,791.81,61066,4835264280000.0,6801,36647,0.6001
2018-11-13,QUESS,EQ,791.05,790.25,798.6,766.2,775.0,775.85,781.37,36642,2863083955000.0,5095,18116,0.4944
2018-11-14,QUESS,EQ,775.85,782.0,784.9,766.25,767.0,768.3,774.39,158869,12302735085000.0,4005,138801,0.8737
2018-11-15,QUESS,EQ,768.3,777.5,780.05,762.2,768.0,765.45,766.08,22533,1726211625000.0,2850,13734,0.6095
2018-11-16,QUESS,EQ,765.45,765.45,780.0,755.35,766.45,767.15,765.15,30107,2303643155000.0,2711,13333,0.4429
2018-11-19,QUESS,EQ,767.15,773.8,778.0,761.0,763.0,763.6,764.81,23428,1791805460000.0002,2590,9311,0.39740000000000003
2018-11-20,QUESS,EQ,763.6,760.0,769.0,757.25,758.0,761.6,763.79,23868,1823009730000.0,2733,12047,0.5047
2018-11-21,QUESS,EQ,761.6,764.2,764.75,746.4,750.0,751.25,754.28,23571,1777902530000.0,2369,9944,0.4219
2018-11-22,QUESS,EQ,751.25,751.25,755.45,740.0,749.0,746.0,746.15,221284,16511120844999.998,4192,212795,0.9616
2018-11-26,QUESS,EQ,746.0,741.3,750.05,727.7,737.0,739.1,738.44,22458,1658382130000.0,4483,13479,0.6002000000000001
2018-11-27,QUESS,EQ,739.1,744.7,744.7,728.05,732.0,732.75,734.67,140962,10356070990000.0,3843,132406,0.9393000000000001
2018-11-28,QUESS,EQ,732.75,738.4,738.4,721.65,724.1,727.75,727.26,65930,4794812555000.0,5768,37464,0.5682
2018-11-29,QUESS,EQ,727.75,736.25,736.25,716.3,720.05,726.65,725.8,117274,8511703740000.001,3091,93716,0.7991
2018-11-30,QUESS,EQ,726.65,726.65,734.0,721.0,723.05,725.95,729.18,66564,4853712045000.0,2648,46255,0.6949
2018-12-03,QUESS,EQ,725.95,729.0,731.0,718.6,721.0,722.2,725.53,77957,5656029025000.0,2121,59196,0.7593000000000001
2018-12-04,QUESS,EQ,722.2,722.0,730.15,690.0,693.3,697.55,702.45,200298,14070014210000.0,6499,147668,0.7372
2018-12-05,QUESS,EQ,697.55,703.55,704.6,665.1,681.0,679.3,673.67,230000,15494489060000.0,6610,189294,0.823
2018-12-06,QUESS,EQ,679.3,675.0,676.05,639.0,647.0,647.6,648.26,177455,11503698335000.0,9565,109418,0.6165999999999999
2018-12-07,QUESS,EQ,647.6,655.0,659.3,609.85,619.95,621.25,623.86,209693,13081865755000.0,14214,138633,0.6611
2018-12-10,QUESS,EQ,621.25,619.5,619.5,579.1,600.8,604.95,591.28,585033,34591635925000.0,6538,404391,0.6912
2018-12-11,QUESS,EQ,604.95,585.15,689.95,580.0,676.5,673.6,657.08,570819,37507304000000.0,22333,130977,0.2295
2018-12-12,QUESS,EQ,673.6,681.2,698.0,675.0,679.2,688.05,691.06,255664,17667883430000.0,11530,82326,0.322
2018-12-13,QUESS,EQ,688.05,686.0,698.6,669.0,685.3,685.85,681.44,81030,5521699885000.0,4404,21010,0.2593
2018-12-14,QUESS,EQ,685.85,681.0,694.8,675.5,688.45,692.05,690.33,77235,5331783255000.0,4539,39437,0.5106
2018-12-17,QUESS,EQ,692.05,697.3,697.3,681.0,684.4,688.15,687.58,45515,3129509390000.0,2908,10482,0.2303
2018-12-18,QUESS,EQ,688.15,690.0,698.95,678.0,682.95,684.0,688.57,80249,5525677115000.0,5141,33253,0.4144
2018-12-19,QUESS,EQ,684.0,685.0,698.0,665.0,671.8,671.3,678.7,111285,7552906715000.001,10422,56953,0.5118
2018-12-20,QUESS,EQ,671.3,685.0,690.15,671.3,677.25,679.6,677.22,76364,5171535290000.0,5528,25296,0.33130000000000004
2018-12-21,QUESS,EQ,679.6,679.6,679.6,643.35,649.9,649.5,661.74,49007,3242975920000.0,4621,26970,0.5503
2018-12-24,QUESS,EQ,649.5,649.6,656.05,630.0,635.15,631.65,641.16,76708,4918185650000.0,5986,32468,0.4233
2018-12-26,QUESS,EQ,631.65,637.85,667.0,630.0,642.0,644.45,654.75,166855,10924768170000.0,7256,20003,0.1199
2018-12-27,QUESS,EQ,644.45,644.45,648.65,632.0,633.0,637.8,638.4,114321,7298219020000.0,10431,43775,0.3829
2018-12-28,QUESS,EQ,637.8,637.0,647.95,630.1,630.1,635.05,640.92,94046,6027601465000.0,9780,42027,0.44689999999999996
2018-12-31,QUESS,EQ,635.05,635.0,665.0,635.0,658.05,660.3,652.92,130970,8551315915000.001,5315,29928,0.2285
2019-01-01,QUESS,EQ,660.3,664.0,704.7,654.95,698.0,700.45,686.74,261923,17987401560000.0,10722,58258,0.2224
2019-01-02,QUESS,EQ,700.45,697.1,719.9,681.25,717.0,710.15,699.16,210318,14704547810000.0,8318,81491,0.3875
2019-01-03,QUESS,EQ,710.15,719.0,724.0,700.1,718.0,719.75,711.28,136826,9732134275000.0,5718,33439,0.2444
2019-01-04,QUESS,EQ,719.75,718.85,736.35,706.35,724.2,726.15,722.68,180036,13010891310000.0,9448,61795,0.3432
2019-01-07,QUESS,EQ,726.15,730.15,736.15,716.0,723.6,733.3,726.3,277273,20138456665000.0,7669,72894,0.2629
2019-01-08,QUESS,EQ,733.3,729.95,734.35,722.0,731.15,731.55,728.06,142323,10361904810000.0,8135,88874,0.6245
2019-01-09,QUESS,EQ,731.55,730.0,730.0,711.0,712.0,716.9,722.59,59392,4291634954999.9995,6471,37383,0.6294
2019-01-10,QUESS,EQ,716.9,711.0,737.5,701.45,735.65,730.8,716.38,93548,6701627190000.0,5595,39229,0.4193
2019-01-11,QUESS,EQ,730.8,730.0,735.0,720.0,723.95,723.3,726.92,453337,32954069870000.0,4544,424449,0.9363
2019-01-14,QUESS,EQ,723.3,724.0,755.0,715.0,718.0,720.3,737.67,168069,12397947365000.0,8749,90929,0.541
2019-01-15,QUESS,EQ,720.3,720.3,725.95,690.05,697.25,696.0,704.61,112734,7943400484999.999,7854,57099,0.5065
2019-01-16,QUESS,EQ,696.0,700.0,709.0,680.2,684.1,683.4,688.2,742946,51129568995000.0,8181,588887,0.7926000000000001
2019-01-17,QUESS,EQ,683.4,688.8,694.6,680.3,683.65,683.15,683.95,34372,2350862675000.0,2170,13310,0.3872
2019-01-18,QUESS,EQ,683.15,689.65,689.65,674.15,680.0,677.6,678.11,26753,1814142439999.9998,1809,9267,0.3464
2019-01-21,QUESS,EQ,677.6,675.45,681.5,636.0,647.75,651.3,656.34,74861,4913411520000.0,3597,31808,0.42490000000000006
2019-01-22,QUESS,EQ,651.3,720.0,720.1,645.55,648.45,653.4,668.55,125325,8378568515000.001,6369,22610,0.1804
2019-01-23,QUESS,EQ,653.4,647.4,659.0,640.6,643.5,645.15,649.76,218182,14176661900000.0,3711,192667,0.8831
2019-01-24,QUESS,EQ,645.15,659.95,659.95,638.2,640.0,646.15,652.39,79820,5207394280000.0,6145,43083,0.5398
2019-01-25,QUESS,EQ,646.15,645.0,645.0,635.0,642.2,642.3,641.2,92847,5953345295000.0,4847,44697,0.4814
2019-01-28,QUESS,EQ,642.3,644.0,657.0,632.0,649.0,641.95,642.16,63816,4098010985000.0,5193,27602,0.4325
2019-01-29,QUESS,EQ,641.95,647.0,654.0,637.0,640.0,639.75,643.96,62719,4038874104999.9995,6233,43303,0.6904000000000001
2019-01-30,QUESS,EQ,639.75,644.0,647.0,639.6,645.0,644.35,642.99,66828,4297003760000.0,6677,51087,0.7645000000000001
2019-01-31,QUESS,EQ,644.35,645.0,648.6,624.0,624.5,627.75,639.57,445860,28515989650000.0,11250,409101,0.9176000000000001
2019-02-01,QUESS,EQ,627.75,628.15,637.75,621.45,630.0,631.0,629.21,75457,4747831955000.0,9093,44117,0.5847
2019-02-04,QUESS,EQ,631.0,631.0,633.0,622.0,633.0,630.9,629.69,51259,3227709370000.0,6578,32703,0.638
2019-02-05,QUESS,EQ,630.9,630.0,634.95,625.0,630.0,630.4,630.13,95130,5994389465000.0,2709,76984,0.8093000000000001
2019-02-06,QUESS,EQ,630.4,636.95,639.0,630.0,635.9,633.85,633.01,26811,1697167439999.9998,1703,12421,0.4633
2019-02-07,QUESS,EQ,633.85,638.9,647.35,638.45,643.5,643.85,643.29,51651,3322680590000.0,2224,34423,0.6665000000000001
2019-02-08,QUESS,EQ,643.85,647.5,673.5,641.6,646.5,647.5,656.84,67554,4437198785000.0,4832,19229,0.2846
2019-02-11,QUESS,EQ,647.5,648.0,652.7,631.0,632.1,636.95,638.99,19775,1263608790000.0,3094,6489,0.3281
2019-02-12,QUESS,EQ,636.95,635.0,672.95,632.85,666.5,663.8,660.38,50414,3329264345000.0,5232,27674,0.5489
2019-02-13,QUESS,EQ,663.8,667.95,667.95,656.0,657.4,658.1,659.9,20277,1338084315000.0,2103,11737,0.5788000000000001
2019-02-14,QUESS,EQ,658.1,657.4,662.35,640.25,650.0,649.75,651.88,46019,2999887175000.0,3462,30823,0.6698000000000001
2019-02-15,QUESS,EQ,649.75,648.0,658.6,638.35,641.0,645.3,648.08,36923,2392896010000.0,3773,19026,0.5153
2019-02-18,QUESS,EQ,645.3,641.0,647.45,628.65,632.0,631.75,631.49,107593,6794441625000.0,2621,90967,0.8455
2019-02-19,QUESS,EQ,631.75,628.05,649.8,628.05,642.0,640.2,640.59,62908,4029810250000.0,4030,37908,0.6026
2019-02-20,QUESS,EQ,640.2,643.0,669.6,643.0,662.5,662.2,662.74,63896,4234611620000.0005,4379,16839,0.2635
2019-02-21,QUESS,EQ,662.2,662.0,684.85,659.35,684.8,680.35,675.4,92931,6276548650000.0,6282,58588,0.6304
2019-02-22,QUESS,EQ,680.35,675.6,695.0,673.5,676.95,683.6,687.79,47291,3252619745000.0,4698,20262,0.42850000000000005
2019-02-25,QUESS,EQ,683.6,685.0,699.0,677.9,683.0,686.8,690.42,53006,3659642075000.0,5140,37143,0.7007
2019-02-26,QUESS,EQ,686.8,680.0,699.8,651.0,685.0,695.0,686.79,52648,3615813104999.9995,6016,22530,0.4279
2019-02-27,QUESS,EQ,695.0,701.0,724.45,690.0,706.0,705.25,706.37,64474,4554234500000.0,5736,30200,0.46840000000000004
2019-02-28,QUESS,EQ,705.25,719.0,719.75,706.6,711.3,716.0,710.85,207645,14760402825000.0,6638,166476,0.8017000000000001
2019-03-01,QUESS,EQ,716.0,713.0,733.0,713.0,718.0,718.6,723.34,59685,4317251254999.9995,5263,38768,0.6495000000000001
2019-03-05,QUESS,EQ,718.6,724.8,755.0,721.6,739.2,737.75,744.67,667577,49712585845000.0,14983,505146,0.7567
2019-03-06,QUESS,EQ,737.75,742.0,777.5,725.55,756.9,759.9,747.33,413878,30930531820000.0,9720,294259,0.711
2019-03-07,QUESS,EQ,759.9,763.0,772.0,754.0,763.9,763.45,762.16,75696,5769220695000.0,4839,40343,0.533
2019-03-08,QUESS,EQ,763.45,768.75,770.0,746.4,761.0,766.5,753.5,123849,9332048765000.0,4275,98463,0.795
2019-03-11,QUESS,EQ,766.5,765.2,789.0,760.0,786.0,780.65,768.16,338266,25984094905000.0,8712,295706,0.8742000000000001
2019-03-12,QUESS,EQ,780.65,777.65,798.0,777.65,790.0,790.25,790.49,140623,11116047190000.0,7524,97137,0.6908
2019-03-13,QUESS,EQ,790.25,796.0,796.0,767.8,780.15,782.95,779.69,22839,1780729445000.0,2251,11244,0.49229999999999996
2019-03-14,QUESS,EQ,782.95,780.25,787.05,764.0,780.0,780.5,775.79,32490,2520544785000.0,2124,16012,0.4928
2019-03-15,QUESS,EQ,780.5,785.0,797.75,768.15,794.0,795.25,789.1,137858,10878422300000.0,4675,113172,0.8209000000000001
2019-03-18,QUESS,EQ,795.25,795.0,811.95,788.05,802.0,804.7,805.98,106576,8589824895000.0,5480,68318,0.6409999999999999
2019-03-19,QUESS,EQ,804.7,804.7,814.45,796.0,802.0,805.8,808.45,57051,4612311385000.0,4144,33712,0.5909000000000001
2019-03-20,QUESS,EQ,805.8,802.65,808.9,780.0,784.0,783.8,788.96,75205,5933372230000.0,8133,46133,0.6134000000000001
2019-03-22,QUESS,EQ,783.8,783.8,806.9,778.1,796.0,797.3,795.75,55582,4422961545000.0,5102,25795,0.46409999999999996
2019-03-25,QUESS,EQ,797.3,794.0,800.0,780.05,798.5,798.45,796.55,34680,2762427150000.0,3823,20712,0.5972
2019-03-26,QUESS,EQ,798.45,795.6,798.8,783.0,783.6,785.05,791.31,43470,3439806335000.0,4369,25481,0.5861999999999999
2019-03-27,QUESS,EQ,785.05,824.8,824.8,745.0,750.15,756.15,778.12,106407,8279763630000.0,5445,64304,0.6043000000000001
2019-03-28,QUESS,EQ,756.15,756.15,768.8,744.2,747.05,746.55,753.59,154874,11671105805000.0,12615,92083,0.5946
2019-03-29,QUESS,EQ,746.55,748.05,760.0,740.35,742.05,746.75,750.66,38298,2874875500000.0,2615,18382,0.48
2019-04-01,QUESS,EQ,746.75,752.0,758.05,738.0,747.0,745.6,751.19,34554,2595659510000.0,4409,16401,0.4746
2019-04-02,QUESS,EQ,745.6,745.2,752.95,729.0,734.7,739.0,738.38,56922,4202998035000.0,4481,25728,0.452
2019-04-03,QUESS,EQ,739.0,736.05,744.85,712.0,712.1,717.15,723.99,43712,3164723690000.0,3760,28713,0.6569
2019-04-04,QUESS,EQ,717.15,715.2,721.9,701.0,707.0,712.45,710.5,40981,2911715180000.0,2847,16575,0.4045
2019-04-05,QUESS,EQ,712.45,713.1,721.0,702.3,711.0,710.25,710.88,37474,2663951525000.0,4004,15112,0.4033
2019-04-08,QUESS,EQ,710.25,713.95,728.0,705.35,724.0,722.9,714.72,40835,2918573985000.0,5100,19483,0.4771
2019-04-09,QUESS,EQ,722.9,727.0,734.95,715.55,720.0,720.85,722.22,37491,2707680755000.0,7913,18812,0.5018
2019-04-10,QUESS,EQ,720.85,720.85,721.55,710.0,714.95,713.0,713.48,26997,1926175725000.0,1983,14176,0.5251
2019-04-11,QUESS,EQ,713.0,713.0,719.5,705.6,706.95,707.65,711.43,21510,1530291035000.0,2409,11632,0.5408
2019-04-12,QUESS,EQ,707.65,706.5,714.35,702.8,706.0,705.45,706.23,23158,1635477760000.0,1619,11379,0.4914
2019-04-15,QUESS,EQ,705.45,709.8,739.4,706.5,721.25,722.05,728.24,101377,7382724409999.999,8067,44438,0.43829999999999997
2019-04-16,QUESS,EQ,722.05,727.8,729.75,717.35,721.3,721.1,725.8,19129,1388391705000.0,2052,9805,0.5126
2019-04-18,QUESS,EQ,721.1,726.95,734.0,710.2,714.0,713.75,720.64,73576,5302158905000.0,4178,25671,0.3489
2019-04-22,QUESS,EQ,713.75,714.9,715.95,690.0,695.0,694.2,701.51,41491,2910651490000.0,2736,26323,0.6344
2019-04-23,QUESS,EQ,694.2,698.9,704.45,681.0,682.5,682.8,688.4,53571,3687837104999.9995,5813,35155,0.6562
2019-04-24,QUESS,EQ,682.8,691.95,715.45,682.4,696.0,690.95,696.11,91216,6349612390000.0,12626,40190,0.44060000000000005
2019-04-25,QUESS,EQ,690.95,690.2,710.0,690.2,704.0,704.05,704.62,176431,12431693265000.0,2766,156153,0.8851000000000001
2019-04-26,QUESS,EQ,704.05,709.7,717.55,706.05,710.85,713.25,709.85,19226,1364761395000.0,1310,9931,0.5165
2019-04-30,QUESS,EQ,713.25,713.9,713.9,690.0,699.0,698.9,697.42,29256,2040380160000.0002,3968,14217,0.48600000000000004
2019-05-02,QUESS,EQ,698.9,698.9,706.0,693.7,696.95,699.35,699.68,77716,5437641200000.0,11486,55558,0.7149
2019-05-03,QUESS,EQ,699.35,699.0,703.5,673.5,676.95,676.75,683.14,36008,2459833805000.0,5594,20953,0.5819
2019-05-06,QUESS,EQ,676.75,670.0,685.0,661.95,680.0,679.75,677.11,39777,2693327980000.0,5968,23116,0.5811000000000001
2019-05-07,QUESS,EQ,679.75,685.95,685.95,659.0,661.0,661.25,665.36,140212,9329180595000.0,4877,120769,0.8613
2019-05-08,QUESS,EQ,661.25,661.0,672.4,652.5,654.75,654.65,659.83,40867,2696546795000.0,3586,20561,0.5031
2019-05-09,QUESS,EQ,654.65,651.15,677.0,650.0,659.95,660.35,656.25,161813,10618921485000.0,5407,121098,0.7484000000000001
2019-05-10,QUESS,EQ,660.35,655.65,664.85,651.65,657.9,656.8,657.04,22134,1454289690000.0,3943,11404,0.5152
2019-05-13,QUESS,EQ,656.8,661.0,662.15,647.0,651.0,651.85,655.06,13709,898027885000.0,2446,7010,0.5113000000000001
2019-05-14,QUESS,EQ,651.85,651.4,664.95,642.0,659.2,658.35,656.59,52922,3474782204999.9995,10275,31579,0.5967
2019-05-15,QUESS,EQ,658.35,655.1,667.0,645.0,649.7,647.8,655.11,29379,1924653130000.0,5787,17070,0.5810000000000001
2019-05-16,QUESS,EQ,647.8,646.15,664.0,645.8,654.85,654.85,656.86,28196,1852074450000.0,4339,13616,0.4829
2019-05-17,QUESS,EQ,654.85,662.0,675.0,654.65,671.1,671.25,666.84,39758,2651229305000.0,7491,20886,0.5253
2019-05-20,QUESS,EQ,671.25,685.0,722.0,668.15,718.55,717.8,696.28,76263,5310051560000.0,9286,41304,0.5416
2019-05-21,QUESS,EQ,717.8,720.0,720.1,685.05,690.0,690.0,690.44,244107,16854048919999.998,8726,221527,0.9075
2019-05-22,QUESS,EQ,690.0,692.0,692.0,663.4,667.1,670.1,673.37,57612,3879408985000.0,6227,36475,0.6331
2019-05-23,QUESS,EQ,670.1,688.2,718.0,652.05,659.0,657.35,672.46,283726,19079420890000.0,13002,239021,0.8423999999999999
2019-05-24,QUESS,EQ,657.35,665.7,675.95,653.9,657.95,657.45,659.65,92446,6098158875000.0,7655,56217,0.6081000000000001
2019-05-27,QUESS,EQ,657.45,660.0,676.0,658.7,665.0,667.9,668.03,69460,4640137270000.0,10412,38077,0.5482
2019-05-28,QUESS,EQ,667.9,671.0,685.2,668.3,669.0,674.75,675.38,256474,17321719875000.0,21655,198483,0.7739
2019-05-29,QUESS,EQ,674.75,676.75,679.5,660.65,666.0,664.5,674.27,94796,6391798940000.0,4072,79788,0.8417
2019-05-30,QUESS,EQ,664.5,662.2,665.0,654.4,662.0,663.55,660.66,33100,2186768050000.0,3375,20039,0.6054
2019-05-31,QUESS,EQ,663.55,665.0,669.9,648.0,654.7,650.15,653.4,98325,6424599420000.0,4045,82258,0.8366
2019-06-03,QUESS,EQ,650.15,655.9,666.2,643.0,649.0,652.45,654.98,52408,3432630079999.9995,3747,34942,0.6667000000000001
2019-06-04,QUESS,EQ,652.45,649.6,654.8,645.75,649.0,649.75,649.97,390614,25388878965000.0,3117,370131,0.9476000000000001
2019-06-06,QUESS,EQ,649.75,652.0,652.0,619.7,619.7,624.1,633.82,46379,2939606830000.0,2558,33771,0.7282
2019-06-07,QUESS,EQ,624.1,624.0,624.05,580.55,582.9,584.55,593.8,281799,16733278694999.998,19108,139409,0.4947
2019-06-10,QUESS,EQ,584.55,592.4,594.95,561.1,580.0,579.3,568.25,365228,20754120270000.0,14493,284618,0.7793000000000001
2019-06-11,QUESS,EQ,579.3,582.4,612.9,582.4,605.5,606.7,594.77,137708,8190476875000.0,8933,70654,0.5131
2019-06-12,QUESS,EQ,606.7,606.6,618.0,598.05,612.0,615.1,607.94,87807,5338159165000.0,5778,63082,0.7184
2019-06-13,QUESS,EQ,615.1,612.5,624.95,612.5,622.0,621.95,619.37,63285,3919658004999.9995,5138,43198,0.6826000000000001
2019-06-14,QUESS,EQ,621.95,626.0,632.9,609.8,611.0,613.85,628.5,459399,28873079875000.0,7967,405316,0.8823000000000001
2019-06-17,QUESS,EQ,613.85,613.45,613.45,587.25,592.0,591.4,593.19,57942,3437045600000.0,5245,28478,0.4671
2019-06-18,QUESS,EQ,591.4,590.15,597.4,575.0,587.5,587.25,589.16,48952,2884051550000.0,9021,27749,0.5115999999999999
2019-06-19,QUESS,EQ,587.25,590.0,601.0,568.35,573.45,573.95,581.48,33234,1932489105000.0,4194,18002,0.5417000000000001
2019-06-20,QUESS,EQ,573.95,570.2,612.0,565.65,598.5,599.15,596.62,51863,3094228875000.0,5470,18077,0.3486
2019-06-21,QUESS,EQ,599.15,596.6,609.9,586.6,601.45,604.0,595.99,42791,2550288890000.0,8289,23409,0.5471
2019-06-24,QUESS,EQ,604.0,605.05,609.95,588.55,589.0,589.8,594.7,33859,2013603420000.0,4919,19914,0.5881000000000001
2019-06-25,QUESS,EQ,589.8,589.0,593.4,553.35,561.1,560.45,571.16,116419,6649427425000.0,14387,73347,0.63
2019-06-26,QUESS,EQ,560.45,564.1,586.55,559.0,563.6,564.15,570.11,140626,8017280540000.001,17230,73446,0.5223
2019-06-27,QUESS,EQ,564.15,565.05,579.5,565.05,568.0,569.25,573.02,59312,3398679335000.0,8710,29223,0.4927
2019-06-28,QUESS,EQ,569.25,573.85,594.95,571.1,577.0,578.5,583.01,145802,8500405100000.0,12686,66910,0.45890000000000003
2019-07-01,QUESS,EQ,578.5,583.95,583.95,548.0,554.0,554.35,559.72,203545,11392753170000.0,18603,145401,0.7143
2019-07-02,QUESS,EQ,554.35,555.0,558.95,511.5,518.5,517.0,526.7,323872,17058251625000.0,22694,167308,0.5166
2019-07-03,QUESS,EQ,517.0,522.0,535.5,515.55,518.0,518.65,524.34,188185,9867254175000.0,18252,84568,0.44939999999999997
2019-07-04,QUESS,EQ,518.65,522.0,525.4,416.65,448.0,450.8,450.75,4152391,187168845625000.0,119538,1426674,0.3436
2019-07-05,QUESS,EQ,450.8,455.0,481.6,437.1,439.0,444.65,458.78,2997675,137528297184999.98,102223,835094,0.2786
2019-07-08,QUESS,EQ,444.65,447.9,447.9,418.0,425.0,425.05,433.48,490265,21251991345000.0,22531,172247,0.35130000000000006
2019-07-09,QUESS,EQ,425.05,426.0,448.0,415.0,428.75,428.4,432.15,506081,21870339965000.0,23166,216122,0.42710000000000004
2019-07-10,QUESS,EQ,428.4,434.0,437.95,417.05,425.7,428.7,427.96,230842,9879021580000.0,14031,58937,0.2553
2019-07-11,QUESS,EQ,428.7,430.5,447.9,428.25,443.3,440.0,440.36,694002,30561271345000.0,22362,378502,0.5454
2019-07-12,QUESS,EQ,440.0,441.0,523.0,441.0,480.75,481.0,481.47,5251110,252826418205000.03,117676,1321727,0.25170000000000003
2019-07-15,QUESS,EQ,481.0,490.1,512.0,485.6,502.0,503.85,501.71,1896098,95128634125000.0,47177,503461,0.2655
2019-07-16,QUESS,EQ,503.85,505.0,505.75,480.0,482.3,481.55,488.34,479769,23429264585000.0,14807,116161,0.2421
2019-07-17,QUESS,EQ,481.55,484.5,492.4,465.05,471.0,472.2,479.42,406862,19505809325000.0,12500,98731,0.2427
2019-07-18,QUESS,EQ,472.2,469.85,487.0,465.05,476.1,476.55,477.53,371383,17734814890000.0,15774,98695,0.2657
2019-07-19,QUESS,EQ,476.55,475.0,482.25,441.0,463.0,460.3,456.56,620481,28328565010000.004,17370,189204,0.3049
2019-07-22,QUESS,EQ,460.3,457.7,464.0,443.8,446.75,446.75,451.87,230405,10411338765000.0,8281,77933,0.3382
2019-07-23,QUESS,EQ,446.75,449.9,467.6,446.0,457.65,456.4,457.18,242637,11092783480000.0,10644,46169,0.19030000000000002
2019-07-24,QUESS,EQ,456.4,458.4,465.95,447.0,447.05,452.7,455.84,192571,8778189080000.0,13660,86766,0.45060000000000006
2019-07-25,QUESS,EQ,452.7,445.0,458.0,441.05,447.75,445.8,449.4,198181,8906330005000.0,10558,72258,0.36460000000000004
2019-07-26,QUESS,EQ,445.8,447.85,455.0,444.45,448.0,449.2,450.63,104404,4704786645000.0,7228,36746,0.35200000000000004
2019-07-29,QUESS,EQ,449.2,449.0,451.0,427.0,429.05,429.95,437.94,105022,4599296475000.0,4986,50346,0.4794
2019-07-30,QUESS,EQ,429.95,428.05,435.05,385.55,399.95,400.55,406.47,368385,14973673325000.0,14652,169231,0.4594
2019-07-31,QUESS,EQ,400.55,392.5,443.0,392.5,434.0,438.75,424.7,1024003,43489754380000.0,26007,396615,0.3873
2019-08-01,QUESS,EQ,438.75,434.0,463.0,431.0,455.9,454.65,449.86,711536,32008965995000.0,20950,254513,0.3577
2019-08-02,QUESS,EQ,454.65,452.0,456.95,426.2,429.65,430.0,445.01,341067,15177784150000.0,14018,153593,0.45030000000000003
2019-08-05,QUESS,EQ,430.0,426.0,432.0,406.1,418.0,418.55,419.23,241808,10137408070000.0,10819,56155,0.2322
2019-08-06,QUESS,EQ,418.55,415.0,445.0,415.0,445.0,440.5,438.08,212037,9288982240000.0,13954,63023,0.2972
2019-08-07,QUESS,EQ,440.5,440.55,465.1,440.55,461.55,461.85,459.46,329418,15135278769999.998,23271,98906,0.3002
2019-08-08,QUESS,EQ,461.85,464.0,478.0,454.55,461.1,461.15,467.46,332816,15557900750000.0,25653,151016,0.45380000000000004
2019-08-09,QUESS,EQ,461.15,464.25,473.75,460.7,470.1,465.15,468.05,196563,9200047255000.0,17092,77777,0.3957
2019-08-13,QUESS,EQ,465.15,467.0,475.0,455.55,456.65,458.55,465.08,102489,4766603470000.0,8495,45183,0.44090000000000007
2019-08-14,QUESS,EQ,458.55,460.25,465.0,451.0,454.75,456.35,456.04,145217,6622406735000.0,10213,91535,0.6303
2019-08-16,QUESS,EQ,456.35,456.35,457.85,445.5,452.0,450.5,449.21,89252,4009315329999.9995,10528,54647,0.6123
2019-08-19,QUESS,EQ,450.5,457.0,469.0,451.0,460.0,460.15,458.34,114431,5244804080000.0,8485,45231,0.39530000000000004
2019-08-20,QUESS,EQ,460.15,461.8,469.0,453.0,460.0,459.2,457.91,63594,2912062935000.0,4831,28737,0.45189999999999997
2019-08-21,QUESS,EQ,459.2,459.2,462.9,447.0,449.5,448.65,453.01,70494,3193468805000.0,6524,28139,0.3992
2019-08-22,QUESS,EQ,448.65,448.6,453.75,440.9,452.25,449.9,449.53,120969,5437875215000.0,10237,73794,0.61
2019-08-23,QUESS,EQ,449.9,450.8,454.5,431.35,450.05,450.75,445.57,112958,5033053815000.0,11006,45888,0.4062
2019-08-26,QUESS,EQ,450.75,456.0,458.95,441.65,449.0,445.9,449.06,73127,3283876300000.0,9152,37205,0.5088
2019-08-27,QUESS,EQ,445.9,448.9,474.0,448.55,470.2,468.45,464.33,108127,5020687920000.0,8410,54668,0.5056
2019-08-28,QUESS,EQ,468.45,471.5,474.0,460.0,461.1,464.0,465.75,69947,3257796765000.0,10031,29910,0.4276
2019-08-29,QUESS,EQ,464.0,464.9,467.4,459.35,462.55,462.7,462.65,46196,2137237105000.0,6543,27381,0.5927
2019-08-30,QUESS,EQ,462.7,464.9,477.0,462.0,475.0,475.05,470.0,75800,3562605270000.0005,5368,41542,0.5479999999999999
2019-09-03,QUESS,EQ,475.05,475.0,485.0,463.55,470.0,469.55,475.05,69442,3298875915000.0,7658,27243,0.3923
2019-09-04,QUESS,EQ,469.55,464.5,478.9,464.5,468.95,469.55,471.2,251434,11847618025000.0,6943,213134,0.8477
2019-09-05,QUESS,EQ,469.55,471.3,471.3,456.35,457.0,458.55,460.25,59152,2722491190000.0,4585,29308,0.4955
2019-09-06,QUESS,EQ,458.55,455.0,457.9,448.4,453.05,452.0,452.7,137412,6220691790000.0,5142,88499,0.644
2019-09-09,QUESS,EQ,452.0,454.0,480.7,450.05,454.85,455.05,463.66,427659,19828950765000.0,12942,178662,0.4178
2019-09-11,QUESS,EQ,455.05,459.9,465.5,457.05,458.0,460.25,461.39,168928,7794170730000.0,9570,96376,0.5705
2019-09-12,QUESS,EQ,460.25,462.9,470.0,458.05,460.9,463.2,463.24,210313,9742489575000.0,8204,127287,0.6052000000000001
2019-09-13,QUESS,EQ,463.2,463.35,463.4,453.0,461.0,459.6,457.21,106190,4855147300000.0,4106,66716,0.6283
2019-09-16,QUESS,EQ,459.6,459.9,465.0,455.8,463.0,463.2,460.96,121194,5586593550000.0,11807,87933,0.7256
2019-09-17,QUESS,EQ,463.2,464.55,469.0,458.1,462.8,463.3,463.99,162275,7529402259999.999,15059,102039,0.6288
2019-09-18,QUESS,EQ,463.3,463.4,467.4,455.05,456.0,458.3,461.53,95377,4401908235000.0,6243,65477,0.6865000000000001
2019-09-19,QUESS,EQ,458.3,459.6,460.0,443.95,448.0,447.05,454.51,73086,3321818370000.0,4765,46692,0.6389
2019-09-20,QUESS,EQ,447.05,451.6,488.0,447.1,478.0,484.0,472.49,397254,18769969015000.0,19122,266060,0.6697
2019-09-23,QUESS,EQ,484.0,475.0,484.1,461.5,465.0,466.65,478.02,208605,9971685570000.0,12911,138893,0.6658
2019-09-24,QUESS,EQ,466.65,464.0,464.8,447.0,448.0,448.65,452.63,153305,6939075459999.999,9918,78975,0.5151
2019-09-25,QUESS,EQ,448.65,448.9,468.0,448.35,455.0,453.3,459.93,200364,9215295975000.0,18569,106667,0.5324
2019-09-26,QUESS,EQ,453.3,454.95,459.95,450.0,455.0,455.75,455.12,65809,2995123695000.0,6338,31650,0.48090000000000005
2019-09-27,QUESS,EQ,455.75,460.0,469.85,448.0,465.05,464.15,460.01,308447,14188779950000.0,19516,142842,0.4631
2019-09-30,QUESS,EQ,464.15,477.0,479.0,454.55,471.0,469.55,469.46,318855,14968896015000.0,27299,175679,0.551
2019-10-01,QUESS,EQ,469.55,468.0,475.0,450.55,457.0,455.05,464.0,633906,29412999010000.004,19031,566433,0.8936000000000001
2019-10-03,QUESS,EQ,455.05,454.9,469.6,446.0,463.45,465.0,457.85,124063,5680172075000.0,8434,48546,0.39130000000000004
2019-10-04,QUESS,EQ,465.0,466.7,475.4,453.35,470.1,469.65,469.7,225262,10580470975000.0,14002,155828,0.6918000000000001
2019-10-07,QUESS,EQ,469.65,468.95,469.0,458.0,466.0,466.45,464.93,60593,2817137850000.0,6397,32347,0.5338
2019-10-09,QUESS,EQ,466.45,468.55,473.55,459.45,470.0,470.05,465.95,293511,13676093610000.0,8289,255053,0.8690000000000001
2019-10-10,QUESS,EQ,470.05,467.2,475.0,464.35,474.5,472.75,470.98,30780,1449676480000.0,2291,13724,0.4459
2019-10-11,QUESS,EQ,472.75,479.95,479.95,467.25,468.95,468.9,470.44,154050,7247123005000.0,4633,131172,0.8515
2019-10-14,QUESS,EQ,468.9,474.95,475.0,467.55,471.5,470.2,470.45,282667,13298082780000.0,2300,265717,0.9400000000000001
2019-10-15,QUESS,EQ,470.2,467.3,472.65,465.4,472.0,470.05,470.01,134049,6300437515000.0,2581,121220,0.9043000000000001
2019-10-16,QUESS,EQ,470.05,470.05,474.55,463.75,466.0,465.55,468.6,32067,1502647010000.0,2244,16328,0.5092
2019-10-17,QUESS,EQ,465.55,469.15,471.2,458.35,460.75,462.4,463.3,47276,2190277439999.9998,3510,23395,0.4949
2019-10-18,QUESS,EQ,462.4,462.95,475.0,461.55,471.95,471.4,470.51,56204,2644426910000.0,4593,26212,0.46640000000000004
2019-10-22,QUESS,EQ,471.4,474.85,475.0,468.3,474.8,472.75,471.86,40038,1889250964999.9998,2777,23275,0.5813
2019-10-23,QUESS,EQ,472.75,470.7,475.0,464.0,467.0,466.2,470.02,42090,1978304030000.0,3121,22716,0.5397
2019-10-24,QUESS,EQ,466.2,469.0,474.0,461.0,463.5,462.9,468.9,64823,3039559780000.0,3503,46132,0.7117
2019-10-25,QUESS,EQ,462.9,463.0,475.0,462.95,473.95,471.2,471.51,50015,2358264360000.0,3737,23370,0.4673
2019-10-27,QUESS,EQ,471.2,473.95,474.0,467.0,472.9,470.65,471.75,4740,223611204999.99997,243,2751,0.5804
2019-10-29,QUESS,EQ,470.65,472.95,486.0,461.0,466.7,468.65,473.58,130151,6163682645000.0,6352,65746,0.5052000000000001
2019-10-30,QUESS,EQ,468.65,471.4,475.5,469.05,475.0,474.05,472.41,170560,8057431234999.999,7317,117657,0.6898000000000001
2019-10-31,QUESS,EQ,474.05,478.1,554.0,476.0,516.55,518.8,524.78,2653346,139241026370000.0,63443,785593,0.2961
2019-11-01,QUESS,EQ,518.8,515.0,518.0,493.5,496.0,498.7,504.83,221104,11161889310000.0,7964,69771,0.3156
2019-11-04,QUESS,EQ,498.7,498.5,514.0,490.55,495.0,495.25,500.56,206828,10352985545000.0,11966,72089,0.34850000000000003
2019-11-05,QUESS,EQ,495.25,496.0,521.75,496.0,512.45,510.55,508.9,404850,20602806755000.0,10970,160568,0.39659999999999995
2019-11-06,QUESS,EQ,510.55,510.0,515.0,505.3,510.0,510.15,510.93,144413,7378529365000.001,6055,69473,0.4811
2019-11-07,QUESS,EQ,510.15,510.15,536.35,510.15,515.55,516.75,524.2,241280,12647890920000.0,11633,60257,0.2497
2019-11-08,QUESS,EQ,516.75,514.8,533.0,510.5,533.0,526.95,524.13,156171,8185391820000.0,6288,58150,0.37229999999999996
2019-11-11,QUESS,EQ,526.95,533.0,543.9,525.0,530.1,529.9,532.45,176610,9403554090000.0,8450,75492,0.4275
2019-11-13,QUESS,EQ,529.9,529.0,550.95,517.55,544.0,544.85,539.35,288449,15557596019999.998,11641,96788,0.33549999999999996
2019-11-14,QUESS,EQ,544.85,547.5,590.0,528.35,576.6,567.55,556.89,350188,19501476925000.0,11811,93857,0.268
2019-11-15,QUESS,EQ,567.55,577.05,593.0,545.0,551.25,550.75,572.16,308471,17649382805000.0,12573,123321,0.3998
2019-11-18,QUESS,EQ,550.75,555.0,565.0,533.0,552.1,555.25,546.35,139140,7601887870000.0,9028,69861,0.5021
2019-11-19,QUESS,EQ,555.25,551.4,560.0,540.3,540.3,543.5,549.92,79383,4365440029999.9995,4464,25623,0.32280000000000003
2019-11-20,QUESS,EQ,543.5,545.4,551.55,525.2,528.0,528.1,534.32,131435,7022804145000.0,6715,50153,0.3816
2019-11-21,QUESS,EQ,528.1,530.8,533.0,515.55,521.0,520.5,522.62,69811,3648487120000.0005,4083,31357,0.44920000000000004
2019-11-22,QUESS,EQ,520.5,517.0,538.0,517.0,531.0,529.8,527.66,111417,5879016755000.0,4928,37837,0.3396
2019-11-25,QUESS,EQ,529.8,530.45,538.4,526.4,529.95,531.8,532.85,72361,3855741595000.0005,3731,21659,0.2993
2019-11-26,QUESS,EQ,531.8,532.9,541.5,525.05,532.05,535.15,535.79,128582,6889267690000.001,6740,50607,0.3936
2019-11-27,QUESS,EQ,535.15,535.0,537.3,524.8,526.9,527.2,531.93,62890,3345304250000.0,5583,37035,0.5889
2019-11-28,QUESS,EQ,527.2,524.35,530.1,522.0,524.0,525.55,525.49,50240,2640047020000.0,2344,27870,0.5547
2019-11-29,QUESS,EQ,525.55,522.65,529.6,516.35,520.15,520.0,523.1,139783,7312084595000.0,6067,93425,0.6684
2019-12-02,QUESS,EQ,520.0,523.2,524.0,516.5,520.0,519.9,519.84,103854,5398728140000.0,6003,65594,0.6315999999999999
2019-12-03,QUESS,EQ,519.9,520.0,526.45,518.0,520.0,520.35,521.01,47011,2449299120000.0,2370,22142,0.47100000000000003
2019-12-04,QUESS,EQ,520.35,518.0,518.6,502.0,504.0,504.05,508.6,63102,3209376145000.0,4136,28425,0.45049999999999996
2019-12-05,QUESS,EQ,504.05,505.0,505.0,470.0,488.0,487.3,486.31,239367,11640662260000.0,10940,80275,0.3354
2019-12-06,QUESS,EQ,487.3,489.0,491.9,474.0,477.0,477.2,480.59,91783,4411000250000.0,6721,43029,0.46880000000000005
